trip_id,city,rider,fare,tip,minutes,day
1,Houston,rider_003,25.4,,19,2024-03-15
2,Portland,rider_027,10.3,0.74,14,2024-03-11
3,Austin,rider_003,18.54,3.49,29,2024-02-20
4,Dallas,rider_043,10.9,1.01,14,2024-04-14
5,Dallas,rider_013,6.09,0.18,15,2024-03-20
6,Seattle,rider_023,17.64,3.1,6,2024-02-28
7,Houston,rider_046,10.35,0.25,14,2024-02-13
8,Seattle,rider_026,7.67,0.35,28,2024-03-03
9,Austin,rider_029,17.05,1.74,11,2024-04-12
10,Austin,rider_019,12.6,,26,2024-03-30
11,Denver,rider_029,16.61,3.57,24,2024-04-30
12,Houston,rider_018,9.75,,12,2024-04-08
13,Dallas,rider_056,18.91,2.82,22,2024-02-05
14,Dallas,rider_009,9.73,2.58,25,2024-01-30
15,Austin,rider_009,9.38,1.36,12,2024-01-01
16,Seattle,rider_032,14.53,0.55,14,2024-04-19
17,Portland,rider_025,22.44,5.86,30,2024-03-12
18,Seattle,rider_013,12.22,0.23,13,2024-01-09
19,Seattle,rider_023,8.68,,23,2024-01-13
20,Portland,rider_030,15.1,1.57,18,2024-02-16
21,Austin,rider_021,7.07,1.02,16,2024-04-05
22,Denver,rider_023,4.14,0.03,22,2024-03-08
23,Dallas,rider_010,18.46,0.5,24,2024-04-26
24,Houston,rider_039,22.18,2.19,9,2024-01-29
25,Dallas,rider_030,17.57,1.87,20,2024-02-05
26,Houston,rider_022,6.92,1.68,18,2024-04-02
27,Houston,rider_041,12.95,3.83,17,2024-04-26
28,Houston,rider_045,17.83,4.87,17,2024-04-10
29,Dallas,rider_029,13.16,1.31,25,2024-02-20
30,Seattle,rider_009,16.91,5.04,3,2024-01-04
31,Portland,rider_047,10.13,0.04,30,2024-03-08
32,Dallas,rider_013,8.65,0.55,15,2024-02-02
33,Houston,rider_022,13.52,2.21,19,2024-04-04
34,Seattle,rider_032,28.6,7.1,15,2024-04-22
35,Dallas,rider_049,14.26,,12,2024-01-01
36,Dallas,rider_043,7.89,1.32,20,2024-02-11
37,Portland,rider_049,14.17,3.75,23,2024-01-06
38,Austin,rider_020,13.67,3.74,20,2024-02-26
39,Portland,rider_056,9.42,2.28,11,2024-03-07
40,Houston,rider_004,8.48,1.0,17,2024-02-10
41,Denver,rider_041,10.59,2.49,22,2024-04-01
42,Denver,rider_006,11.55,1.62,14,2024-04-05
43,Seattle,rider_021,19.97,1.34,10,2024-02-21
44,Seattle,rider_029,9.18,0.05,3,2024-03-11
45,Seattle,rider_050,17.87,1.58,22,2024-04-27
46,Dallas,rider_043,18.69,2.37,16,2024-04-26
47,Houston,rider_044,11.31,1.68,14,2024-04-12
48,Dallas,rider_016,12.57,2.39,24,2024-04-12
49,Austin,rider_059,15.17,0.55,46,2024-02-23
50,Houston,rider_016,15.02,4.23,20,2024-01-21
51,Austin,rider_001,17.04,2.28,14,2024-04-12
52,Houston,rider_006,16.79,1.24,11,2024-02-27
53,Denver,rider_013,21.8,5.46,9,2024-03-29
54,Dallas,rider_022,6.02,1.15,24,2024-02-21
55,Austin,rider_042,32.97,0.55,13,2024-03-05
56,Houston,rider_010,17.74,,10,2024-01-24
57,Houston,rider_019,12.64,3.69,11,2024-04-22
58,Dallas,rider_049,11.1,0.67,16,2024-03-05
59,Austin,rider_054,6.43,0.58,15,2024-03-08
60,Dallas,rider_046,21.67,2.53,15,2024-02-11
61,Seattle,rider_027,4.53,0.06,27,2024-03-21
62,Denver,rider_053,19.08,4.31,3,2024-03-13
63,Austin,rider_002,26.39,5.41,15,2024-01-04
64,Dallas,rider_040,11.1,,11,2024-01-03
65,Portland,rider_057,18.24,,22,2024-03-05
66,Portland,rider_004,6.43,0.91,3,2024-04-13
67,Houston,rider_030,5.29,1.03,3,2024-01-10
68,Denver,rider_009,11.12,0.66,22,2024-03-17
69,Houston,rider_043,5.92,1.01,21,2024-02-04
70,Austin,rider_029,22.38,3.47,18,2024-02-29
71,Seattle,rider_028,14.31,2.03,17,2024-03-05
72,Houston,rider_009,4.21,0.09,21,2024-01-12
73,Denver,rider_023,20.84,5.13,3,2024-03-31
74,Dallas,rider_043,13.27,0.63,16,2024-03-03
75,Seattle,rider_048,10.0,1.13,23,2024-02-11
76,Houston,rider_047,18.74,4.01,23,2024-04-25
77,Houston,rider_017,10.74,2.8,36,2024-04-06
78,Austin,rider_015,11.04,2.1,27,2024-01-20
79,Houston,rider_040,12.43,2.93,16,2024-04-07
80,Seattle,rider_026,15.65,,18,2024-04-03
81,Seattle,rider_030,15.1,2.2,27,2024-01-22
82,Seattle,rider_025,11.12,3.26,12,2024-02-03
83,Denver,rider_057,8.73,0.31,15,2024-03-05
84,Seattle,rider_008,14.57,3.32,15,2024-02-24
85,Portland,rider_012,10.07,0.28,18,2024-03-13
86,Austin,rider_017,19.39,3.05,24,2024-02-18
87,Houston,rider_055,20.72,2.24,13,2024-04-11
88,Dallas,rider_055,10.18,0.95,7,2024-04-14
89,Austin,rider_025,7.72,1.86,28,2024-01-10
90,Portland,rider_006,10.57,1.66,15,2024-03-28
91,Denver,rider_014,41.4,1.06,18,2024-01-17
92,Portland,rider_033,37.19,1.43,17,2024-02-02
93,Denver,rider_014,10.73,0.97,23,2024-02-03
94,Portland,rider_015,5.05,0.8,15,2024-03-11
95,Austin,rider_031,13.4,1.03,7,2024-01-30
96,Austin,rider_051,24.44,2.91,3,2024-01-01
97,Houston,rider_029,20.37,5.93,11,2024-01-30
98,Dallas,rider_026,5.52,1.48,33,2024-03-03
99,Denver,rider_003,5.26,0.09,29,2024-02-23
100,Denver,rider_007,7.23,1.92,19,2024-04-03
101,Austin,rider_046,23.38,6.56,17,2024-03-26
102,Seattle,rider_022,12.74,,15,2024-01-11
103,Seattle,rider_034,6.76,0.88,27,2024-02-17
104,Seattle,rider_015,8.9,0.08,21,2024-02-22
105,Denver,rider_002,21.87,5.9,14,2024-03-19
106,Houston,rider_048,26.6,2.37,24,2024-04-02
107,Portland,rider_049,35.73,0.26,19,2024-02-29
108,Seattle,rider_047,18.38,0.05,28,2024-04-29
109,Houston,rider_025,15.44,1.68,18,2024-01-26
110,Dallas,rider_034,10.68,,14,2024-03-11
111,Houston,rider_031,8.1,0.18,13,2024-02-23
112,Denver,rider_054,7.51,0.53,13,2024-03-09
113,Denver,rider_012,37.0,3.1,17,2024-02-03
114,Seattle,rider_012,10.1,2.68,24,2024-03-15
115,Houston,rider_002,8.18,1.29,15,2024-02-29
116,Austin,rider_007,8.86,2.33,14,2024-01-30
117,Austin,rider_042,37.41,9.72,11,2024-04-09
118,Austin,rider_021,5.83,0.38,20,2024-02-17
119,Dallas,rider_035,21.39,3.99,20,2024-03-04
120,Seattle,rider_025,11.03,0.3,19,2024-01-21
121,Denver,rider_026,17.24,,17,2024-02-23
122,Austin,rider_027,11.64,0.71,3,2024-01-01
123,Dallas,rider_003,9.36,2.48,12,2024-01-02
124,Portland,rider_009,10.94,2.42,19,2024-01-22
125,Houston,rider_012,9.13,0.3,3,2024-04-13
126,Houston,rider_040,29.62,,18,2024-04-28
127,Seattle,rider_053,59.32,15.24,8,2024-01-26
128,Seattle,rider_022,9.51,1.48,9,2024-02-19
129,Austin,rider_007,18.83,4.76,11,2024-02-11
130,Seattle,rider_019,16.28,1.5,6,2024-02-23
131,Portland,rider_029,9.47,1.43,18,2024-03-03
132,Dallas,rider_030,11.95,3.0,18,2024-04-13
133,Seattle,rider_059,12.61,1.93,30,2024-01-11
134,Denver,rider_032,7.6,,21,2024-04-06
135,Seattle,rider_052,24.71,,29,2024-03-29
136,Austin,rider_046,11.46,0.57,23,2024-04-10
137,Dallas,rider_029,7.58,0.36,23,2024-04-14
138,Dallas,rider_002,12.91,0.92,13,2024-02-17
139,Dallas,rider_016,9.73,1.98,22,2024-04-10
140,Austin,rider_034,12.38,3.33,14,2024-02-02
141,Denver,rider_011,11.28,0.49,16,2024-01-30
142,Portland,rider_055,16.77,1.28,21,2024-03-22
143,Portland,rider_057,29.68,2.59,11,2024-02-16
144,Austin,rider_036,8.95,0.06,11,2024-01-01
145,Houston,rider_039,9.46,1.17,16,2024-02-16
146,Seattle,rider_055,32.59,0.62,22,2024-01-19
147,Denver,rider_038,20.18,0.07,10,2024-02-14
148,Denver,rider_057,15.94,2.36,8,2024-01-22
149,Austin,rider_039,5.84,0.42,32,2024-01-02
150,Portland,rider_032,15.92,2.48,23,2024-03-23
151,Denver,rider_046,25.81,2.4,17,2024-04-23
152,Seattle,rider_011,42.92,9.55,20,2024-02-27
153,Dallas,rider_017,15.5,4.3,24,2024-01-07
154,Denver,rider_018,14.61,2.29,15,2024-02-03
155,Denver,rider_047,6.54,1.78,21,2024-01-21
156,Houston,rider_040,8.74,0.99,12,2024-04-19
157,Denver,rider_036,14.28,0.03,40,2024-01-30
158,Houston,rider_009,20.24,3.43,21,2024-01-22
159,Austin,rider_002,23.61,0.2,31,2024-03-22
160,Denver,rider_024,14.68,3.33,21,2024-04-01
161,Austin,rider_040,10.25,,36,2024-04-06
162,Austin,rider_050,28.7,0.86,11,2024-01-13
163,Denver,rider_048,9.28,0.06,17,2024-04-01
164,Houston,rider_026,15.91,3.56,25,2024-04-10
165,Austin,rider_052,10.59,2.24,11,2024-04-20
166,Austin,rider_048,14.73,2.31,16,2024-02-06
167,Austin,rider_036,12.99,1.93,8,2024-02-03
168,Dallas,rider_040,10.63,1.59,31,2024-01-15
169,Austin,rider_025,5.27,0.17,16,2024-04-28
170,Denver,rider_008,13.49,0.95,21,2024-02-28
171,Portland,rider_053,17.46,0.18,8,2024-04-21
172,Seattle,rider_016,23.08,3.04,12,2024-04-08
173,Portland,rider_045,9.52,1.99,10,2024-04-06
174,Portland,rider_022,9.48,0.93,17,2024-03-07
175,Dallas,rider_012,15.93,0.71,15,2024-02-05
176,Austin,rider_000,15.37,1.79,25,2024-01-05
177,Seattle,rider_038,23.09,6.79,17,2024-02-02
178,Denver,rider_037,9.82,1.27,19,2024-03-14
179,Denver,rider_054,30.57,5.98,27,2024-03-15
180,Dallas,rider_044,20.69,1.94,9,2024-03-21
181,Austin,rider_029,21.05,4.5,27,2024-03-02
182,Austin,rider_057,16.06,4.48,32,2024-01-24
183,Denver,rider_006,8.58,1.84,23,2024-02-14
184,Portland,rider_053,12.85,0.06,16,2024-04-11
185,Houston,rider_059,13.9,0.88,14,2024-04-07
186,Austin,rider_025,22.4,1.7,9,2024-02-18
187,Austin,rider_019,6.57,1.38,13,2024-01-29
188,Denver,rider_051,28.08,7.83,23,2024-01-09
189,Denver,rider_052,6.45,1.58,26,2024-04-16
190,Seattle,rider_030,12.95,0.49,28,2024-04-16
191,Houston,rider_000,18.47,3.81,31,2024-03-02
192,Denver,rider_027,20.07,1.93,16,2024-03-03
193,Portland,rider_036,19.02,5.3,19,2024-04-15
194,Houston,rider_042,17.88,3.4,15,2024-01-02
195,Austin,rider_049,10.3,1.88,3,2024-01-24
196,Seattle,rider_039,11.53,2.74,9,2024-01-22
197,Denver,rider_031,20.59,5.52,22,2024-01-26
198,Denver,rider_035,10.31,2.08,3,2024-01-15
199,Austin,rider_044,10.34,1.53,27,2024-01-19
200,Seattle,rider_053,10.38,2.29,21,2024-01-21
201,Houston,rider_004,12.64,3.19,11,2024-03-27
202,Dallas,rider_002,18.6,,24,2024-03-19
203,Denver,rider_040,18.03,4.1,21,2024-02-23
204,Dallas,rider_035,4.95,0.7,22,2024-03-08
205,Dallas,rider_025,10.16,0.16,15,2024-03-04
206,Houston,rider_031,13.52,3.95,26,2024-03-24
207,Austin,rider_025,10.89,1.92,7,2024-01-06
208,Denver,rider_000,14.56,1.74,6,2024-01-14
209,Austin,rider_043,17.68,4.83,8,2024-03-21
210,Denver,rider_029,49.98,0.59,9,2024-03-22
211,Denver,rider_000,17.3,0.19,21,2024-03-24
212,Houston,rider_019,19.5,4.15,3,2024-04-20
213,Dallas,rider_033,12.2,2.35,20,2024-03-13
214,Austin,rider_024,10.78,0.22,16,2024-03-28
215,Portland,rider_030,47.78,6.82,14,2024-03-23
216,Dallas,rider_007,33.44,0.09,20,2024-03-26
217,Austin,rider_011,10.23,0.85,9,2024-04-05
218,Austin,rider_005,8.54,0.37,13,2024-04-07
219,Houston,rider_002,19.68,5.5,17,2024-04-01
220,Austin,rider_010,20.48,1.92,41,2024-03-17
221,Seattle,rider_007,15.44,3.37,12,2024-04-12
222,Houston,rider_050,22.09,3.0,19,2024-02-04
223,Portland,rider_038,11.05,2.16,21,2024-04-21
224,Denver,rider_024,15.26,4.07,6,2024-02-18
225,Denver,rider_027,8.46,1.15,15,2024-02-04
226,Dallas,rider_009,20.16,0.26,10,2024-04-16
227,Portland,rider_051,23.66,3.55,7,2024-03-03
228,Seattle,rider_003,4.81,0.34,15,2024-03-18
229,Denver,rider_005,9.9,1.74,26,2024-03-10
230,Portland,rider_016,42.7,7.42,18,2024-04-24
231,Portland,rider_023,9.87,0.63,31,2024-02-07
232,Portland,rider_059,14.77,0.66,26,2024-01-06
233,Seattle,rider_017,11.93,2.82,24,2024-02-14
234,Portland,rider_031,14.9,3.89,28,2024-03-13
235,Portland,rider_038,14.56,1.86,32,2024-04-14
236,Dallas,rider_023,9.84,0.15,12,2024-03-12
237,Denver,rider_045,6.84,0.13,10,2024-01-16
238,Austin,rider_032,8.35,2.4,12,2024-03-26
239,Seattle,rider_057,11.65,0.6,38,2024-01-08
240,Portland,rider_020,22.4,0.37,10,2024-01-19
241,Austin,rider_023,8.82,0.28,14,2024-01-16
242,Seattle,rider_000,11.19,3.07,24,2024-04-24
243,Seattle,rider_039,16.97,,23,2024-04-29
244,Houston,rider_024,19.84,0.58,15,2024-04-28
245,Austin,rider_021,16.46,4.06,5,2024-01-19
246,Dallas,rider_055,17.24,4.6,19,2024-02-26
247,Dallas,rider_016,9.58,0.78,22,2024-01-22
248,Seattle,rider_003,7.27,0.33,11,2024-03-06
249,Denver,rider_023,37.39,5.36,16,2024-01-26
250,Seattle,rider_033,11.49,,24,2024-04-16
251,Houston,rider_033,8.35,0.55,13,2024-01-24
252,Dallas,rider_056,16.88,,15,2024-01-12
253,Portland,rider_037,30.86,1.27,11,2024-01-25
254,Houston,rider_022,18.86,0.31,6,2024-04-13
255,Houston,rider_055,8.01,0.22,5,2024-01-18
256,Denver,rider_044,10.52,1.16,26,2024-01-21
257,Houston,rider_045,21.17,5.92,21,2024-02-15
258,Dallas,rider_018,7.91,1.78,17,2024-01-08
259,Austin,rider_014,29.11,4.63,16,2024-01-12
260,Portland,rider_001,9.94,2.44,17,2024-01-04
261,Austin,rider_055,3.83,0.53,18,2024-02-14
262,Austin,rider_048,16.36,2.42,27,2024-03-05
263,Houston,rider_010,27.64,1.88,13,2024-02-20
264,Austin,rider_002,24.88,6.27,9,2024-03-08
265,Seattle,rider_020,11.07,2.38,24,2024-04-26
266,Seattle,rider_042,19.18,1.43,8,2024-02-24
267,Denver,rider_049,9.05,1.82,19,2024-02-20
268,Seattle,rider_055,24.51,6.5,27,2024-01-05
269,Denver,rider_016,47.65,8.98,18,2024-01-13
270,Austin,rider_022,13.88,1.2,15,2024-02-09
271,Denver,rider_018,41.98,6.44,33,2024-03-14
272,Houston,rider_044,10.58,2.67,4,2024-03-19
273,Portland,rider_030,9.12,1.0,23,2024-03-02
274,Houston,rider_025,7.36,1.21,13,2024-03-15
275,Austin,rider_049,23.89,1.93,22,2024-01-08
276,Austin,rider_053,23.78,,13,2024-02-19
277,Seattle,rider_021,7.94,2.36,8,2024-02-23
278,Denver,rider_053,9.12,2.33,3,2024-04-15
279,Portland,rider_049,7.87,1.66,14,2024-02-22
280,Portland,rider_054,15.59,2.68,20,2024-02-23
281,Houston,rider_022,30.4,4.12,4,2024-02-07
282,Seattle,rider_054,14.23,0.03,21,2024-04-05
283,Seattle,rider_005,11.63,2.8,9,2024-01-30
284,Houston,rider_027,5.13,1.48,21,2024-01-27
285,Austin,rider_033,21.87,2.05,10,2024-04-15
286,Denver,rider_028,17.47,3.12,11,2024-02-14
287,Austin,rider_009,18.52,2.08,8,2024-03-14
288,Dallas,rider_021,29.26,5.48,24,2024-03-16
289,Denver,rider_011,15.49,1.48,34,2024-03-06
290,Austin,rider_056,16.28,4.57,15,2024-03-06
291,Seattle,rider_040,17.05,1.06,25,2024-01-08
292,Portland,rider_044,15.44,2.95,12,2024-01-06
293,Seattle,rider_012,20.17,2.41,19,2024-01-04
294,Dallas,rider_032,13.41,2.6,18,2024-03-09
295,Dallas,rider_004,15.01,0.71,18,2024-01-13
296,Dallas,rider_003,28.61,3.7,13,2024-04-12
297,Denver,rider_037,7.89,0.4,17,2024-04-25
298,Austin,rider_025,10.64,0.17,22,2024-04-23
299,Portland,rider_057,8.15,0.39,13,2024-01-01
300,Seattle,rider_015,8.81,1.31,15,2024-01-09
301,Denver,rider_055,9.62,0.89,25,2024-04-11
302,Dallas,rider_018,8.79,0.02,10,2024-04-22
303,Seattle,rider_027,14.29,1.65,15,2024-01-16
304,Houston,rider_002,14.52,1.5,19,2024-02-25
305,Houston,rider_050,16.68,3.53,23,2024-04-16
306,Dallas,rider_022,14.71,1.06,21,2024-02-17
307,Dallas,rider_054,18.29,1.14,28,2024-01-30
308,Seattle,rider_007,14.15,0.53,14,2024-04-06
309,Denver,rider_009,13.8,3.2,8,2024-03-13
310,Houston,rider_006,28.39,1.6,26,2024-04-24
311,Austin,rider_018,14.63,1.3,25,2024-01-29
312,Dallas,rider_049,21.16,5.36,21,2024-02-29
313,Denver,rider_057,8.7,,12,2024-02-14
314,Seattle,rider_058,5.43,0.47,5,2024-02-04
315,Portland,rider_048,27.07,,23,2024-01-26
316,Houston,rider_011,4.36,0.82,19,2024-04-30
317,Portland,rider_059,26.51,2.03,5,2024-02-14
318,Austin,rider_003,51.81,9.09,23,2024-03-30
319,Dallas,rider_044,15.82,3.69,6,2024-02-23
320,Denver,rider_022,9.38,0.79,34,2024-01-12
321,Seattle,rider_003,12.49,2.58,24,2024-03-06
322,Denver,rider_031,18.13,5.05,7,2024-01-17
323,Dallas,rider_003,19.2,5.58,10,2024-02-01
324,Dallas,rider_043,10.94,1.02,9,2024-01-18
325,Denver,rider_022,13.16,0.02,16,2024-03-23
326,Denver,rider_027,6.66,1.63,13,2024-03-11
327,Dallas,rider_018,16.11,4.06,12,2024-03-29
328,Austin,rider_019,11.58,,21,2024-02-05
329,Dallas,rider_010,8.3,0.4,7,2024-02-07
330,Portland,rider_020,6.98,0.4,21,2024-03-10
331,Austin,rider_015,11.79,2.17,16,2024-03-24
332,Austin,rider_043,10.86,2.76,4,2024-04-28
333,Dallas,rider_035,8.81,1.71,13,2024-01-18
334,Houston,rider_036,19.85,,23,2024-01-14
335,Denver,rider_037,12.34,1.57,14,2024-03-18
336,Denver,rider_054,8.02,0.22,3,2024-01-06
337,Seattle,rider_027,13.16,0.13,4,2024-03-06
338,Dallas,rider_004,7.77,0.98,7,2024-02-13
339,Seattle,rider_012,4.91,0.01,22,2024-03-13
340,Seattle,rider_040,7.95,2.32,5,2024-04-26
341,Dallas,rider_036,23.21,,12,2024-02-08
342,Portland,rider_021,12.1,0.5,6,2024-04-20
343,Portland,rider_026,5.87,0.15,13,2024-03-15
344,Houston,rider_056,14.28,0.49,10,2024-01-24
345,Dallas,rider_045,14.1,1.07,27,2024-02-02
346,Seattle,rider_032,8.74,1.83,24,2024-04-04
347,Portland,rider_045,19.81,4.76,25,2024-03-05
348,Austin,rider_036,13.79,2.25,25,2024-01-25
349,Seattle,rider_044,17.69,0.31,18,2024-01-02
350,Portland,rider_056,27.75,1.13,26,2024-04-26
351,Austin,rider_053,30.35,8.35,21,2024-04-05
352,Houston,rider_007,36.17,,14,2024-02-02
353,Dallas,rider_022,8.89,1.92,29,2024-01-13
354,Portland,rider_043,9.27,,21,2024-04-26
355,Dallas,rider_031,10.37,2.61,14,2024-01-03
356,Austin,rider_043,8.22,2.3,15,2024-04-21
357,Denver,rider_000,11.95,1.93,11,2024-02-26
358,Austin,rider_053,11.48,3.01,3,2024-04-12
359,Austin,rider_054,5.15,0.93,30,2024-03-29
360,Seattle,rider_033,6.55,0.15,3,2024-02-12
361,Dallas,rider_036,11.18,0.71,24,2024-02-12
362,Seattle,rider_030,11.6,,4,2024-03-15
363,Houston,rider_017,9.85,1.8,8,2024-01-19
364,Seattle,rider_037,9.13,1.56,7,2024-03-08
365,Dallas,rider_050,16.89,3.92,9,2024-02-16
366,Houston,rider_019,18.73,0.79,8,2024-01-10
367,Houston,rider_045,20.46,2.15,9,2024-01-08
368,Houston,rider_015,47.77,7.22,15,2024-04-24
369,Dallas,rider_019,17.24,3.99,28,2024-01-19
370,Denver,rider_004,7.38,2.08,12,2024-02-13
371,Dallas,rider_044,14.55,2.53,26,2024-04-09
372,Seattle,rider_001,20.63,5.56,17,2024-03-10
373,Dallas,rider_038,15.52,,27,2024-04-24
374,Houston,rider_038,32.7,7.2,20,2024-01-17
375,Austin,rider_020,21.95,1.24,3,2024-03-22
376,Austin,rider_039,9.33,1.82,13,2024-02-21
377,Denver,rider_031,18.4,4.4,28,2024-04-09
378,Portland,rider_036,3.18,0.02,24,2024-02-10
379,Denver,rider_053,19.19,0.54,20,2024-04-08
380,Austin,rider_035,11.12,2.27,22,2024-04-20
381,Dallas,rider_002,18.89,4.2,17,2024-04-07
382,Denver,rider_023,6.56,0.89,32,2024-02-05
383,Portland,rider_009,13.94,2.33,31,2024-02-16
384,Denver,rider_007,5.17,0.04,27,2024-01-18
385,Austin,rider_011,14.11,1.1,6,2024-04-25
386,Denver,rider_031,13.98,1.85,8,2024-04-20
387,Dallas,rider_042,16.09,2.22,9,2024-01-14
388,Denver,rider_042,11.41,3.1,35,2024-02-18
389,Denver,rider_013,9.55,1.22,14,2024-03-04
390,Portland,rider_008,21.7,5.01,36,2024-04-06
391,Houston,rider_028,10.19,2.72,25,2024-03-17
392,Dallas,rider_002,24.05,6.37,29,2024-02-16
393,Seattle,rider_042,16.85,3.45,24,2024-04-27
394,Denver,rider_050,11.78,2.07,22,2024-01-26
395,Denver,rider_003,15.94,1.11,14,2024-01-03
396,Houston,rider_047,13.76,2.23,19,2024-03-22
397,Portland,rider_054,13.47,2.01,25,2024-01-28
398,Dallas,rider_002,17.69,1.4,13,2024-01-09
399,Dallas,rider_029,13.64,1.48,31,2024-03-24
400,Portland,rider_045,10.18,3.03,18,2024-04-05
401,Houston,rider_051,11.86,3.46,11,2024-02-22
402,Dallas,rider_044,34.31,5.16,23,2024-02-02
403,Portland,rider_044,30.87,5.75,31,2024-02-21
404,Portland,rider_000,8.79,0.83,20,2024-03-14
405,Seattle,rider_022,13.75,0.97,7,2024-02-18
406,Denver,rider_034,7.47,0.16,7,2024-04-12
407,Denver,rider_037,7.3,1.99,3,2024-03-07
408,Seattle,rider_011,11.63,1.28,20,2024-03-27
409,Dallas,rider_020,22.46,5.58,32,2024-01-06
410,Seattle,rider_016,5.64,0.69,6,2024-03-30
411,Seattle,rider_018,7.93,1.24,14,2024-02-20
412,Seattle,rider_033,18.24,4.37,19,2024-04-07
413,Dallas,rider_012,13.09,2.06,20,2024-03-12
414,Austin,rider_058,14.36,3.09,11,2024-02-05
415,Houston,rider_027,10.12,1.59,14,2024-01-17
416,Houston,rider_024,15.81,,18,2024-02-26
417,Houston,rider_059,27.33,2.11,19,2024-01-17
418,Portland,rider_005,17.99,1.78,35,2024-01-10
419,Seattle,rider_036,10.82,2.93,18,2024-03-16
420,Seattle,rider_047,12.16,0.03,15,2024-01-30
421,Dallas,rider_005,12.33,2.05,19,2024-01-16
422,Dallas,rider_005,26.99,,3,2024-03-04
423,Dallas,rider_047,14.27,3.04,14,2024-03-29
424,Seattle,rider_009,18.97,0.29,18,2024-03-21
425,Houston,rider_005,10.02,,25,2024-02-03
426,Houston,rider_026,10.01,1.19,17,2024-04-23
427,Denver,rider_008,7.74,1.86,22,2024-01-26
428,Austin,rider_037,6.54,1.29,12,2024-03-31
429,Dallas,rider_000,7.54,2.08,15,2024-02-10
430,Portland,rider_039,8.77,0.55,16,2024-03-16
431,Seattle,rider_003,10.01,0.61,25,2024-01-16
432,Dallas,rider_010,14.89,2.51,34,2024-04-12
433,Seattle,rider_058,5.72,1.38,12,2024-04-09
434,Denver,rider_026,10.18,2.4,16,2024-01-07
435,Dallas,rider_008,16.18,3.33,19,2024-03-30
436,Austin,rider_020,7.95,2.09,20,2024-04-12
437,Denver,rider_042,14.32,1.39,20,2024-04-12
438,Dallas,rider_041,12.23,2.35,13,2024-01-29
439,Portland,rider_053,16.57,0.91,13,2024-01-05
440,Houston,rider_056,13.9,3.13,25,2024-03-04
441,Austin,rider_017,9.42,1.65,18,2024-03-01
442,Dallas,rider_022,14.83,0.45,11,2024-01-01
443,Dallas,rider_053,7.55,0.56,17,2024-04-10
444,Houston,rider_050,35.14,7.87,12,2024-01-15
445,Dallas,rider_044,15.68,,13,2024-03-23
446,Dallas,rider_042,8.62,,17,2024-04-03
447,Denver,rider_019,9.51,0.95,28,2024-03-02
448,Dallas,rider_034,10.71,0.49,3,2024-02-04
449,Portland,rider_018,7.27,1.17,9,2024-01-26
450,Seattle,rider_031,14.0,0.44,17,2024-01-07
451,Denver,rider_027,16.35,3.68,22,2024-01-04
452,Seattle,rider_037,15.18,0.55,23,2024-03-25
453,Dallas,rider_021,7.66,1.63,24,2024-03-17
454,Austin,rider_037,32.71,7.95,20,2024-02-29
455,Dallas,rider_051,11.85,0.87,16,2024-01-20
456,Houston,rider_004,18.01,3.71,4,2024-03-31
457,Austin,rider_004,21.77,5.09,30,2024-03-22
458,Dallas,rider_010,11.07,3.23,9,2024-03-15
459,Seattle,rider_029,24.1,5.99,36,2024-04-05
460,Denver,rider_032,15.45,3.64,10,2024-04-21
461,Houston,rider_016,22.73,4.31,32,2024-04-12
462,Dallas,rider_058,7.84,2.06,24,2024-03-14
463,Denver,rider_014,16.98,3.94,13,2024-01-12
464,Denver,rider_050,27.34,7.42,25,2024-02-24
465,Houston,rider_025,21.35,2.93,14,2024-02-15
466,Seattle,rider_056,15.56,1.27,23,2024-03-30
467,Seattle,rider_011,11.34,0.74,11,2024-04-24
468,Seattle,rider_025,11.56,2.12,11,2024-04-24
469,Houston,rider_025,13.38,3.97,24,2024-01-21
470,Portland,rider_022,8.58,1.69,33,2024-04-04
471,Denver,rider_016,6.26,0.97,3,2024-04-24
472,Denver,rider_023,11.61,0.93,32,2024-02-07
473,Houston,rider_031,19.6,3.07,9,2024-03-04
474,Houston,rider_046,7.97,1.23,3,2024-01-20
475,Portland,rider_032,11.32,3.03,25,2024-03-14
476,Austin,rider_026,15.55,0.12,27,2024-03-11
477,Denver,rider_036,17.05,1.84,24,2024-04-16
478,Seattle,rider_019,11.56,3.04,13,2024-01-21
479,Denver,rider_044,14.23,2.51,33,2024-02-16
480,Dallas,rider_016,12.72,1.54,15,2024-03-28
481,Houston,rider_032,11.61,0.93,23,2024-02-27
482,Seattle,rider_034,22.9,1.04,36,2024-04-06
483,Seattle,rider_033,33.49,0.77,6,2024-02-20
484,Houston,rider_052,18.97,0.07,27,2024-03-09
485,Denver,rider_006,14.71,1.17,18,2024-03-11
486,Portland,rider_010,17.46,0.58,21,2024-02-09
487,Denver,rider_047,4.94,0.17,3,2024-04-11
488,Houston,rider_055,11.34,2.94,27,2024-04-01
489,Dallas,rider_059,14.25,3.85,23,2024-01-09
490,Seattle,rider_017,14.63,0.94,24,2024-04-03
491,Denver,rider_052,5.41,0.81,33,2024-04-05
492,Denver,rider_039,11.67,3.07,6,2024-02-19
493,Houston,rider_006,29.84,4.56,3,2024-02-09
494,Houston,rider_020,20.18,0.44,5,2024-04-17
495,Dallas,rider_002,8.78,,7,2024-04-13
496,Austin,rider_021,14.31,1.26,21,2024-04-29
497,Houston,rider_034,13.93,3.43,13,2024-03-14
498,Denver,rider_017,5.95,0.11,41,2024-03-21
499,Denver,rider_016,10.65,0.17,10,2024-03-25
500,Austin,rider_045,17.93,5.21,26,2024-04-22
501,Portland,rider_057,12.69,1.53,16,2024-04-04
502,Portland,rider_044,35.48,2.14,23,2024-04-06
503,Houston,rider_034,16.46,0.06,27,2024-03-21
504,Houston,rider_019,15.38,1.46,7,2024-02-15
505,Austin,rider_023,3.94,0.54,21,2024-01-20
506,Seattle,rider_052,13.29,1.27,20,2024-04-24
507,Dallas,rider_058,25.44,2.97,10,2024-04-30
508,Dallas,rider_057,27.99,3.23,28,2024-04-13
509,Seattle,rider_049,7.45,0.02,25,2024-02-29
510,Austin,rider_039,7.43,1.91,4,2024-02-13
511,Portland,rider_056,25.56,1.58,18,2024-02-18
512,Austin,rider_045,26.61,7.35,37,2024-03-28
513,Seattle,rider_045,22.7,5.87,24,2024-04-20
514,Dallas,rider_058,19.12,3.48,29,2024-01-16
515,Seattle,rider_047,14.74,4.36,19,2024-04-10
516,Dallas,rider_058,21.0,,26,2024-01-13
517,Dallas,rider_036,8.09,0.53,8,2024-03-22
518,Seattle,rider_006,10.59,,3,2024-04-06
519,Denver,rider_000,14.37,2.2,26,2024-04-22
520,Austin,rider_039,26.54,4.0,15,2024-03-20
521,Portland,rider_000,23.13,4.59,10,2024-03-26
522,Portland,rider_007,12.92,0.8,11,2024-02-24
523,Portland,rider_017,11.71,2.99,20,2024-02-17
524,Houston,rider_049,10.67,1.84,14,2024-02-12
525,Dallas,rider_036,4.58,0.71,9,2024-03-19
526,Denver,rider_053,4.82,0.12,20,2024-01-03
527,Austin,rider_016,37.87,9.98,27,2024-02-26
528,Denver,rider_059,11.94,3.39,37,2024-03-24
529,Seattle,rider_052,10.4,0.07,20,2024-04-27
530,Houston,rider_006,9.58,,36,2024-01-21
531,Austin,rider_013,20.22,2.23,3,2024-01-21
532,Portland,rider_013,29.05,5.5,12,2024-03-23
533,Dallas,rider_021,8.21,1.7,17,2024-02-01
534,Houston,rider_037,32.31,6.36,3,2024-04-04
535,Dallas,rider_004,18.78,1.71,21,2024-01-02
536,Houston,rider_044,5.9,1.15,19,2024-03-06
537,Houston,rider_028,25.95,1.98,7,2024-01-23
538,Denver,rider_014,12.81,1.49,26,2024-04-10
539,Austin,rider_050,16.49,,25,2024-01-21
540,Denver,rider_006,16.47,0.23,36,2024-03-02
541,Austin,rider_059,10.09,0.68,19,2024-04-19
542,Dallas,rider_050,24.05,1.27,18,2024-02-17
543,Denver,rider_048,9.62,0.32,18,2024-02-06
544,Seattle,rider_041,41.44,10.61,34,2024-01-31
545,Seattle,rider_029,7.76,0.66,7,2024-01-15
546,Portland,rider_058,16.45,2.37,19,2024-01-23
547,Dallas,rider_035,12.58,1.0,11,2024-02-13
548,Austin,rider_059,8.39,1.42,20,2024-04-21
549,Seattle,rider_029,13.85,3.59,18,2024-02-03
550,Seattle,rider_013,17.84,3.38,21,2024-01-13
551,Houston,rider_040,16.76,4.95,12,2024-01-02
552,Denver,rider_014,19.95,,18,2024-03-23
553,Seattle,rider_054,15.86,1.84,24,2024-01-06
554,Houston,rider_057,19.77,0.09,12,2024-02-28
555,Denver,rider_019,8.52,,13,2024-01-25
556,Denver,rider_043,11.03,,19,2024-01-04
557,Dallas,rider_057,8.69,2.47,3,2024-03-20
558,Dallas,rider_014,8.18,1.92,19,2024-02-04
559,Houston,rider_038,10.42,2.41,19,2024-01-20
560,Houston,rider_015,16.03,1.86,35,2024-02-03
561,Portland,rider_027,9.5,1.66,20,2024-01-30
562,Dallas,rider_047,18.79,1.26,15,2024-01-20
563,Houston,rider_011,7.27,2.11,20,2024-04-06
564,Dallas,rider_045,11.64,2.82,16,2024-03-24
565,Portland,rider_035,15.31,2.44,14,2024-03-07
566,Dallas,rider_044,11.77,1.35,10,2024-04-20
567,Houston,rider_039,16.6,1.28,24,2024-01-08
568,Denver,rider_021,12.5,0.04,5,2024-03-01
569,Denver,rider_034,25.17,7.33,21,2024-01-27
570,Seattle,rider_023,12.21,1.36,17,2024-03-31
571,Seattle,rider_032,24.56,1.64,19,2024-01-05
572,Dallas,rider_021,31.78,4.48,24,2024-02-28
573,Portland,rider_043,14.24,1.34,23,2024-03-27
574,Dallas,rider_041,12.15,1.07,5,2024-03-11
575,Dallas,rider_010,19.91,1.17,18,2024-02-02
576,Austin,rider_057,23.97,4.23,10,2024-01-26
577,Austin,rider_044,15.48,0.13,23,2024-01-11
578,Dallas,rider_005,6.7,0.04,3,2024-01-15
579,Austin,rider_059,10.02,1.25,11,2024-01-08
580,Austin,rider_044,10.22,,18,2024-01-07
581,Houston,rider_009,10.02,1.82,34,2024-04-06
582,Denver,rider_051,12.26,,16,2024-02-09
583,Austin,rider_052,17.92,1.03,13,2024-04-11
584,Dallas,rider_012,24.52,3.2,3,2024-01-02
585,Portland,rider_046,11.62,1.82,16,2024-01-30
586,Austin,rider_012,9.61,1.99,20,2024-03-19
587,Dallas,rider_021,9.32,0.73,21,2024-04-08
588,Denver,rider_049,19.41,4.2,23,2024-01-08
589,Portland,rider_029,10.76,0.76,23,2024-02-01
590,Austin,rider_043,10.03,1.57,29,2024-02-16
591,Denver,rider_030,13.07,,11,2024-02-25
592,Austin,rider_045,7.1,0.68,7,2024-03-02
593,Seattle,rider_049,19.47,5.42,29,2024-01-14
594,Seattle,rider_039,31.8,,12,2024-03-28
595,Austin,rider_044,11.2,2.59,14,2024-02-20
596,Austin,rider_049,27.15,,19,2024-04-26
597,Denver,rider_023,15.86,0.83,18,2024-02-13
598,Austin,rider_047,25.0,0.69,8,2024-04-30
599,Denver,rider_012,25.99,4.71,15,2024-04-01
600,Denver,rider_052,35.95,5.3,27,2024-04-21
601,Portland,rider_039,11.2,1.58,23,2024-04-19
602,Houston,rider_026,7.45,1.53,17,2024-03-25
603,Austin,rider_014,14.37,2.61,35,2024-02-11
604,Houston,rider_025,19.54,2.2,4,2024-02-15
605,Seattle,rider_056,34.98,9.57,23,2024-01-07
606,Denver,rider_024,9.66,1.46,6,2024-02-11
607,Seattle,rider_011,18.85,1.9,21,2024-04-18
608,Houston,rider_034,19.64,4.39,10,2024-03-27
609,Denver,rider_015,27.73,6.23,25,2024-02-16
610,Austin,rider_001,8.09,,5,2024-04-11
611,Dallas,rider_051,10.08,0.16,26,2024-02-09
612,Seattle,rider_020,23.67,6.35,8,2024-03-01
613,Houston,rider_057,18.02,3.1,27,2024-04-16
614,Portland,rider_014,6.9,,25,2024-03-26
615,Dallas,rider_002,7.79,1.54,26,2024-03-13
616,Seattle,rider_011,15.45,1.99,8,2024-01-12
617,Portland,rider_014,9.3,0.28,21,2024-01-08
618,Houston,rider_020,12.28,3.43,6,2024-01-26
619,Houston,rider_053,29.86,0.1,26,2024-02-18
620,Portland,rider_035,20.3,,9,2024-03-24
621,Austin,rider_045,22.09,1.37,28,2024-04-25
622,Denver,rider_009,29.9,5.02,19,2024-01-19
623,Denver,rider_032,12.75,2.63,12,2024-01-28
624,Denver,rider_057,13.07,,14,2024-02-13
625,Denver,rider_046,14.06,0.98,26,2024-03-15
626,Denver,rider_053,7.22,0.47,34,2024-04-17
627,Seattle,rider_020,26.67,0.56,21,2024-01-19
628,Seattle,rider_015,9.4,1.15,5,2024-04-02
629,Dallas,rider_020,10.82,2.06,13,2024-03-16
630,Austin,rider_031,13.53,1.79,19,2024-03-16
631,Seattle,rider_022,27.71,4.92,21,2024-01-10
632,Denver,rider_022,12.09,2.66,22,2024-02-12
633,Denver,rider_050,17.62,4.57,17,2024-04-18
634,Denver,rider_039,12.93,2.63,17,2024-02-25
635,Houston,rider_054,5.77,0.01,13,2024-03-27
636,Seattle,rider_010,24.75,2.52,6,2024-04-30
637,Portland,rider_020,15.3,0.62,38,2024-03-19
638,Seattle,rider_034,12.55,0.07,4,2024-03-11
639,Houston,rider_001,16.92,1.97,5,2024-02-03
640,Houston,rider_021,27.56,,7,2024-04-24
641,Houston,rider_008,18.7,0.12,19,2024-04-13
642,Dallas,rider_058,10.94,0.4,20,2024-04-02
643,Austin,rider_002,31.61,0.85,26,2024-01-25
644,Denver,rider_048,13.33,2.52,13,2024-03-31
645,Dallas,rider_012,21.82,1.06,23,2024-03-27
646,Houston,rider_043,10.45,1.51,29,2024-01-04
647,Denver,rider_033,20.32,4.84,8,2024-02-27
648,Portland,rider_000,15.81,3.75,8,2024-03-14
649,Seattle,rider_058,12.76,2.53,12,2024-01-07
650,Portland,rider_000,13.85,0.65,17,2024-03-23
651,Portland,rider_012,45.18,0.08,20,2024-03-26
652,Portland,rider_059,9.94,1.43,9,2024-03-15
653,Portland,rider_048,6.44,0.01,10,2024-03-23
654,Portland,rider_017,7.97,2.05,14,2024-03-03
655,Austin,rider_058,12.94,,14,2024-02-23
656,Houston,rider_008,15.33,0.4,19,2024-04-09
657,Austin,rider_046,5.71,0.75,30,2024-01-11
658,Seattle,rider_004,15.51,3.36,6,2024-01-28
659,Denver,rider_036,5.2,0.79,6,2024-04-08
660,Denver,rider_043,40.28,10.44,17,2024-02-21
661,Denver,rider_034,13.11,0.57,16,2024-04-20
662,Denver,rider_016,17.07,1.93,15,2024-02-01
663,Portland,rider_038,6.25,1.6,19,2024-02-29
664,Seattle,rider_052,4.39,1.26,16,2024-03-23
665,Austin,rider_050,29.07,1.43,23,2024-04-19
666,Dallas,rider_013,25.28,6.48,14,2024-02-26
667,Austin,rider_052,11.76,0.21,8,2024-03-02
668,Portland,rider_058,5.36,0.65,26,2024-01-22
669,Dallas,rider_021,25.66,4.34,26,2024-03-16
670,Dallas,rider_031,11.6,0.39,24,2024-01-18
671,Portland,rider_007,10.19,0.54,19,2024-02-28
672,Houston,rider_023,12.67,3.57,10,2024-03-30
673,Seattle,rider_015,17.63,1.91,11,2024-03-31
674,Denver,rider_007,8.07,2.03,13,2024-03-26
675,Denver,rider_005,10.99,1.91,14,2024-02-24
676,Houston,rider_022,9.28,,11,2024-02-23
677,Denver,rider_014,20.84,,19,2024-04-16
678,Austin,rider_043,10.15,2.25,23,2024-02-11
679,Seattle,rider_053,10.29,,30,2024-01-15
680,Denver,rider_001,26.93,7.04,3,2024-01-03
681,Austin,rider_034,15.75,2.6,5,2024-02-02
682,Dallas,rider_010,9.57,2.29,32,2024-01-16
683,Houston,rider_015,13.54,1.68,16,2024-01-08
684,Seattle,rider_021,7.84,1.39,17,2024-02-24
685,Seattle,rider_002,18.04,4.52,7,2024-04-28
686,Portland,rider_005,21.22,4.93,21,2024-04-06
687,Houston,rider_011,16.8,2.58,24,2024-01-20
688,Houston,rider_010,5.74,0.88,15,2024-04-28
689,Portland,rider_003,31.4,5.89,27,2024-02-12
690,Austin,rider_042,14.46,1.75,21,2024-01-30
691,Dallas,rider_006,11.37,3.08,24,2024-02-20
692,Dallas,rider_017,11.36,1.24,18,2024-02-01
693,Denver,rider_003,16.25,3.36,13,2024-01-10
694,Portland,rider_031,9.41,1.08,20,2024-03-28
695,Houston,rider_057,6.08,1.48,12,2024-04-14
696,Seattle,rider_037,11.49,,38,2024-01-24
697,Denver,rider_010,18.01,0.29,5,2024-02-14
698,Denver,rider_028,21.69,1.05,10,2024-02-26
699,Dallas,rider_014,15.47,3.33,24,2024-03-26
700,Austin,rider_050,8.05,2.04,23,2024-04-05
701,Portland,rider_019,28.81,5.57,29,2024-01-26
702,Portland,rider_037,5.31,0.57,14,2024-03-12
703,Dallas,rider_034,18.19,0.12,7,2024-01-06
704,Houston,rider_030,5.83,1.37,23,2024-03-07
705,Dallas,rider_052,52.78,8.61,13,2024-01-05
706,Houston,rider_045,12.74,1.73,34,2024-02-15
707,Houston,rider_041,12.91,2.53,29,2024-02-25
708,Denver,rider_021,20.37,1.67,3,2024-01-08
709,Houston,rider_014,11.73,3.13,23,2024-04-11
710,Houston,rider_006,11.51,2.55,12,2024-03-03
711,Houston,rider_011,10.61,0.92,20,2024-03-23
712,Denver,rider_002,8.95,2.29,22,2024-02-12
713,Dallas,rider_017,24.17,5.6,14,2024-04-25
714,Seattle,rider_024,88.73,26.27,21,2024-02-20
715,Dallas,rider_045,12.13,2.77,11,2024-03-20
716,Dallas,rider_012,7.4,0.51,29,2024-01-13
717,Denver,rider_054,7.75,0.75,25,2024-03-23
718,Portland,rider_058,7.02,0.93,19,2024-02-23
719,Houston,rider_002,10.59,1.34,14,2024-03-22
720,Portland,rider_042,5.56,1.65,23,2024-01-07
721,Seattle,rider_051,12.41,2.23,3,2024-01-21
722,Austin,rider_005,21.55,4.48,22,2024-01-09
723,Austin,rider_032,11.69,1.22,8,2024-01-13
724,Portland,rider_024,13.35,0.84,28,2024-04-22
725,Houston,rider_023,28.49,2.34,18,2024-04-01
726,Austin,rider_026,15.5,0.53,5,2024-01-21
727,Austin,rider_023,24.86,1.21,11,2024-02-27
728,Seattle,rider_023,10.48,0.52,6,2024-04-27
729,Denver,rider_030,7.33,0.71,15,2024-03-10
730,Dallas,rider_041,13.99,0.78,19,2024-04-13
731,Portland,rider_045,6.01,0.92,13,2024-01-18
732,Seattle,rider_034,16.85,1.52,28,2024-01-26
733,Portland,rider_028,32.19,3.09,30,2024-03-04
734,Portland,rider_044,15.59,0.16,30,2024-04-29
735,Portland,rider_039,17.59,0.94,23,2024-01-03
736,Dallas,rider_011,9.94,1.59,8,2024-04-20
737,Dallas,rider_039,8.7,0.34,4,2024-01-03
738,Denver,rider_047,9.14,0.76,32,2024-04-27
739,Austin,rider_019,10.47,2.91,23,2024-01-30
740,Austin,rider_029,13.01,1.49,4,2024-03-10
741,Seattle,rider_032,21.14,6.07,15,2024-04-16
742,Dallas,rider_013,8.56,,32,2024-01-13
743,Seattle,rider_051,24.94,3.75,32,2024-04-05
744,Denver,rider_059,11.53,2.53,20,2024-03-25
745,Seattle,rider_022,12.44,0.78,30,2024-02-01
746,Portland,rider_018,18.1,3.45,13,2024-03-02
747,Seattle,rider_053,22.32,5.41,23,2024-04-11
748,Dallas,rider_010,15.06,0.57,12,2024-04-09
749,Houston,rider_027,15.85,2.07,3,2024-04-01
750,Dallas,rider_014,19.17,5.16,21,2024-02-10
751,Denver,rider_037,22.51,1.24,12,2024-03-01
752,Portland,rider_055,6.4,0.19,15,2024-04-29
753,Dallas,rider_040,8.74,0.27,3,2024-02-09
754,Denver,rider_030,51.4,5.35,24,2024-01-14
755,Austin,rider_003,10.79,2.59,28,2024-04-24
756,Dallas,rider_011,10.64,0.28,22,2024-03-03
757,Houston,rider_021,9.84,1.22,18,2024-01-15
758,Denver,rider_026,19.58,2.31,3,2024-02-09
759,Austin,rider_030,22.88,4.65,8,2024-04-06
760,Houston,rider_003,8.46,1.03,12,2024-03-25
761,Portland,rider_040,13.58,3.66,16,2024-02-03
762,Seattle,rider_027,27.71,1.09,18,2024-02-08
763,Denver,rider_020,8.13,,15,2024-04-02
764,Portland,rider_002,15.27,3.07,26,2024-02-06
765,Houston,rider_019,9.33,0.32,17,2024-04-29
766,Austin,rider_007,21.28,4.72,14,2024-04-24
767,Austin,rider_020,13.84,1.59,12,2024-01-26
768,Seattle,rider_053,28.48,6.45,20,2024-02-05
769,Austin,rider_017,16.65,4.62,23,2024-03-19
770,Houston,rider_053,7.24,2.04,25,2024-04-24
771,Dallas,rider_004,5.32,1.26,26,2024-04-07
772,Austin,rider_023,7.4,,12,2024-02-18
773,Dallas,rider_005,17.83,,5,2024-04-14
774,Portland,rider_028,7.82,1.93,17,2024-02-23
775,Houston,rider_026,14.99,2.53,29,2024-03-25
776,Houston,rider_013,24.84,0.48,16,2024-03-29
777,Portland,rider_017,16.68,0.11,10,2024-03-11
778,Denver,rider_023,15.39,2.29,20,2024-01-30
779,Austin,rider_017,5.26,0.49,18,2024-03-06
780,Portland,rider_041,4.39,0.27,37,2024-03-11
781,Dallas,rider_044,24.56,,21,2024-02-03
782,Portland,rider_042,24.86,4.85,13,2024-02-08
783,Austin,rider_025,6.32,0.8,35,2024-02-20
784,Denver,rider_018,12.14,2.7,4,2024-03-24
785,Seattle,rider_035,16.88,1.98,24,2024-02-13
786,Seattle,rider_056,15.96,0.83,26,2024-02-16
787,Houston,rider_054,25.08,4.52,36,2024-01-24
788,Portland,rider_030,16.04,2.73,16,2024-01-28
789,Houston,rider_018,26.0,4.3,34,2024-04-18
790,Houston,rider_024,8.57,2.44,15,2024-01-29
791,Seattle,rider_056,15.52,1.34,26,2024-01-05
792,Austin,rider_044,23.45,4.13,16,2024-04-23
793,Seattle,rider_005,16.91,2.74,17,2024-01-25
794,Denver,rider_036,16.63,0.97,27,2024-02-07
795,Denver,rider_017,11.9,2.52,29,2024-03-25
796,Seattle,rider_058,20.69,4.72,12,2024-02-10
797,Austin,rider_008,16.38,3.65,11,2024-01-27
798,Dallas,rider_030,13.34,3.99,5,2024-02-27
799,Austin,rider_056,15.44,0.81,26,2024-01-03
800,Seattle,rider_049,20.51,1.43,22,2024-01-18
801,Austin,rider_000,14.84,2.19,7,2024-03-05
802,Houston,rider_003,12.48,0.1,25,2024-04-17
803,Seattle,rider_000,24.61,2.76,25,2024-02-10
804,Seattle,rider_024,16.22,2.43,23,2024-03-08
805,Austin,rider_046,13.31,2.92,21,2024-01-15
806,Portland,rider_056,12.04,1.1,6,2024-03-18
807,Seattle,rider_029,16.37,4.06,23,2024-03-14
808,Seattle,rider_034,5.39,0.08,13,2024-02-09
809,Dallas,rider_056,31.44,5.34,20,2024-02-28
810,Portland,rider_040,17.72,3.9,17,2024-02-08
811,Portland,rider_050,7.77,0.34,14,2024-04-07
812,Dallas,rider_045,18.88,1.28,4,2024-03-31
813,Portland,rider_024,15.1,3.71,25,2024-04-23
814,Houston,rider_059,7.86,2.27,23,2024-02-06
815,Houston,rider_047,12.26,3.09,8,2024-04-28
816,Austin,rider_044,11.47,3.2,24,2024-03-10
817,Austin,rider_007,14.56,2.22,28,2024-04-15
818,Dallas,rider_055,19.94,5.4,31,2024-01-07
819,Houston,rider_011,25.53,7.54,9,2024-04-27
820,Houston,rider_017,18.01,3.66,33,2024-02-27
821,Houston,rider_043,15.03,1.68,26,2024-01-03
822,Austin,rider_006,9.31,,29,2024-02-11
823,Denver,rider_025,5.93,1.45,20,2024-02-14
824,Dallas,rider_029,17.09,0.43,21,2024-02-01
825,Denver,rider_050,15.21,0.92,9,2024-02-14
826,Seattle,rider_026,14.74,1.7,12,2024-02-07
827,Houston,rider_030,11.0,1.47,25,2024-04-11
828,Houston,rider_028,3.62,0.49,34,2024-03-13
829,Seattle,rider_012,10.16,1.53,18,2024-02-25
830,Austin,rider_041,13.12,3.51,12,2024-02-18
831,Austin,rider_018,16.07,1.89,23,2024-01-17
832,Houston,rider_037,12.34,3.35,25,2024-04-28
833,Seattle,rider_051,17.35,1.32,16,2024-03-31
834,Austin,rider_013,8.87,2.33,17,2024-04-21
835,Seattle,rider_040,20.24,1.19,22,2024-01-12
836,Dallas,rider_029,10.98,2.18,4,2024-03-28
837,Denver,rider_059,12.26,1.13,29,2024-04-07
838,Seattle,rider_037,18.57,1.34,27,2024-03-21
839,Portland,rider_036,14.35,1.36,8,2024-03-04
840,Portland,rider_031,8.61,2.3,18,2024-01-31
841,Houston,rider_005,12.08,0.15,30,2024-03-29
842,Seattle,rider_035,7.17,0.78,23,2024-01-19
843,Houston,rider_025,15.97,,15,2024-04-04
844,Denver,rider_011,18.35,1.47,18,2024-02-29
845,Dallas,rider_051,22.09,2.3,22,2024-03-24
846,Seattle,rider_034,17.13,1.86,6,2024-02-05
847,Dallas,rider_044,15.37,1.06,18,2024-02-26
848,Seattle,rider_014,31.88,2.22,16,2024-03-31
849,Houston,rider_024,6.8,0.97,9,2024-04-27
850,Austin,rider_027,14.35,1.36,28,2024-01-27
851,Denver,rider_049,16.07,0.18,18,2024-03-01
852,Austin,rider_028,17.06,0.7,11,2024-04-07
853,Denver,rider_025,26.89,3.97,25,2024-02-09
854,Houston,rider_011,7.52,0.44,35,2024-01-19
855,Seattle,rider_026,16.86,0.75,23,2024-03-06
856,Houston,rider_044,16.85,3.87,21,2024-03-27
857,Portland,rider_012,9.09,1.99,19,2024-04-09
858,Seattle,rider_000,9.88,1.92,24,2024-02-06
859,Portland,rider_027,21.57,0.76,14,2024-01-24
860,Houston,rider_021,13.44,3.31,21,2024-01-06
861,Seattle,rider_015,14.89,0.6,27,2024-01-13
862,Dallas,rider_055,16.88,4.22,9,2024-02-14
863,Seattle,rider_045,12.0,0.83,7,2024-01-06
864,Houston,rider_056,7.83,0.35,16,2024-03-08
865,Dallas,rider_059,13.69,1.25,10,2024-01-11
866,Seattle,rider_057,10.69,1.1,13,2024-03-03
867,Seattle,rider_014,7.64,0.27,27,2024-04-05
868,Portland,rider_046,18.96,1.08,5,2024-03-12
869,Denver,rider_051,8.19,1.84,38,2024-02-19
870,Seattle,rider_012,11.82,1.93,23,2024-01-04
871,Seattle,rider_042,9.51,1.66,23,2024-01-09
872,Austin,rider_001,15.78,,31,2024-01-17
873,Portland,rider_036,25.73,6.29,17,2024-04-28
874,Houston,rider_013,13.92,0.87,20,2024-04-20
875,Dallas,rider_044,18.9,2.34,18,2024-02-23
876,Austin,rider_046,19.7,3.45,17,2024-04-18
877,Austin,rider_008,12.25,0.64,19,2024-04-22
878,Portland,rider_059,23.48,1.68,8,2024-02-28
879,Denver,rider_001,11.83,1.9,22,2024-01-18
880,Austin,rider_005,10.87,1.36,27,2024-01-05
881,Seattle,rider_040,12.05,2.64,18,2024-04-03
882,Dallas,rider_022,5.15,0.73,10,2024-01-06
883,Portland,rider_037,10.19,2.28,8,2024-03-07
884,Portland,rider_037,5.18,,5,2024-02-04
885,Austin,rider_015,13.18,0.51,9,2024-02-25
886,Portland,rider_038,13.93,1.09,22,2024-02-08
887,Austin,rider_015,12.49,1.86,20,2024-01-05
888,Portland,rider_058,22.81,2.22,22,2024-01-08
889,Dallas,rider_007,19.69,4.12,20,2024-02-19
890,Dallas,rider_045,19.91,4.88,8,2024-03-31
891,Seattle,rider_059,12.4,1.66,4,2024-04-29
892,Portland,rider_015,4.75,,10,2024-02-22
893,Portland,rider_054,8.84,1.52,13,2024-04-14
894,Dallas,rider_020,20.2,4.4,26,2024-01-09
895,Portland,rider_039,13.48,1.3,22,2024-03-09
896,Dallas,rider_028,27.36,4.81,35,2024-02-05
897,Denver,rider_056,9.03,2.46,20,2024-01-17
898,Dallas,rider_030,17.01,1.56,23,2024-04-19
899,Seattle,rider_058,8.45,,23,2024-01-23
900,Portland,rider_056,11.25,2.79,6,2024-01-17
901,Houston,rider_000,13.84,2.67,33,2024-02-03
902,Denver,rider_005,18.52,,16,2024-02-03
903,Dallas,rider_022,8.36,1.5,34,2024-04-10
904,Denver,rider_042,43.78,11.62,16,2024-03-24
905,Austin,rider_027,14.35,3.73,29,2024-04-20
906,Dallas,rider_016,18.73,,23,2024-02-09
907,Austin,rider_054,9.04,1.5,14,2024-04-13
908,Portland,rider_014,19.79,1.62,3,2024-01-12
909,Austin,rider_010,7.57,1.49,14,2024-03-21
910,Denver,rider_007,30.47,5.28,24,2024-04-24
911,Portland,rider_037,9.31,1.33,4,2024-04-24
912,Seattle,rider_009,8.52,1.66,13,2024-04-17
913,Austin,rider_032,20.13,1.78,26,2024-01-14
914,Denver,rider_010,17.8,0.94,6,2024-02-27
915,Seattle,rider_050,12.23,2.02,9,2024-04-12
916,Austin,rider_048,14.35,3.22,15,2024-01-13
917,Portland,rider_020,15.25,2.6,14,2024-02-12
918,Seattle,rider_048,3.74,0.06,14,2024-04-05
919,Houston,rider_002,17.53,0.81,22,2024-04-13
920,Houston,rider_022,7.56,0.71,9,2024-01-08
921,Denver,rider_008,17.78,4.05,9,2024-02-05
922,Austin,rider_002,19.52,1.14,15,2024-02-25
923,Austin,rider_008,23.68,3.83,8,2024-01-12
924,Dallas,rider_015,20.33,4.22,24,2024-04-29
925,Austin,rider_010,5.75,1.6,4,2024-01-20
926,Portland,rider_031,19.61,3.29,30,2024-04-10
927,Austin,rider_021,5.02,0.68,3,2024-03-08
928,Denver,rider_030,19.29,0.86,11,2024-02-13
929,Denver,rider_004,21.49,0.18,3,2024-03-01
930,Austin,rider_028,14.71,1.98,18,2024-01-11
931,Portland,rider_046,25.98,2.4,11,2024-04-18
932,Dallas,rider_053,8.22,1.04,13,2024-03-26
933,Dallas,rider_046,10.96,0.99,12,2024-03-17
934,Houston,rider_029,22.74,1.16,7,2024-02-28
935,Houston,rider_054,12.26,1.19,10,2024-01-04
936,Denver,rider_039,22.87,1.86,9,2024-04-04
937,Portland,rider_045,11.1,0.37,22,2024-04-26
938,Houston,rider_052,18.47,0.13,11,2024-04-18
939,Austin,rider_026,1.95,0.13,17,2024-01-28
940,Portland,rider_016,9.87,0.22,17,2024-03-09
941,Denver,rider_058,14.6,4.09,35,2024-02-02
942,Austin,rider_037,11.76,0.06,11,2024-01-07
943,Austin,rider_016,6.2,0.18,21,2024-03-30
944,Houston,rider_011,35.19,4.74,16,2024-01-31
945,Denver,rider_016,13.99,4.12,16,2024-04-17
946,Seattle,rider_034,17.12,0.44,4,2024-01-04
947,Portland,rider_045,10.73,0.95,22,2024-04-15
948,Portland,rider_045,8.81,2.28,30,2024-04-22
949,Dallas,rider_004,11.42,0.83,25,2024-04-29
950,Denver,rider_020,16.23,2.14,24,2024-01-15
951,Seattle,rider_028,9.96,1.2,15,2024-04-11
952,Dallas,rider_006,14.8,2.49,10,2024-03-04
953,Austin,rider_030,25.53,0.98,6,2024-03-01
954,Seattle,rider_018,20.24,1.13,8,2024-02-29
955,Portland,rider_047,5.65,0.27,9,2024-04-14
956,Dallas,rider_031,6.69,0.79,26,2024-04-30
957,Seattle,rider_019,15.76,1.08,22,2024-01-10
958,Austin,rider_029,12.44,3.47,11,2024-03-26
959,Austin,rider_012,11.05,0.62,39,2024-01-17
960,Houston,rider_057,9.77,0.77,15,2024-04-09
961,Austin,rider_051,52.22,,17,2024-03-31
962,Austin,rider_047,18.69,0.09,16,2024-03-22
963,Portland,rider_029,16.44,,24,2024-03-21
964,Houston,rider_021,17.48,2.46,6,2024-02-06
965,Houston,rider_051,6.98,1.1,27,2024-03-02
966,Austin,rider_056,17.9,,5,2024-01-12
967,Portland,rider_044,24.13,6.2,23,2024-01-01
968,Portland,rider_049,9.79,1.71,23,2024-03-08
969,Denver,rider_032,9.51,2.82,26,2024-01-17
970,Seattle,rider_021,9.29,,21,2024-01-26
971,Seattle,rider_036,8.51,0.59,25,2024-02-19
972,Dallas,rider_006,11.22,,20,2024-01-13
973,Houston,rider_046,14.43,0.38,17,2024-01-05
974,Dallas,rider_015,28.05,4.75,15,2024-02-20
975,Houston,rider_029,9.3,1.28,27,2024-03-06
976,Austin,rider_036,19.9,1.8,17,2024-04-25
977,Denver,rider_046,17.89,1.97,43,2024-04-11
978,Dallas,rider_000,23.55,1.14,18,2024-01-21
979,Portland,rider_008,9.63,0.01,17,2024-02-11
980,Seattle,rider_047,9.96,1.51,24,2024-02-09
981,Portland,rider_030,13.38,3.61,12,2024-04-14
982,Dallas,rider_011,7.03,0.25,19,2024-02-10
983,Portland,rider_053,14.06,3.41,5,2024-01-26
984,Portland,rider_059,8.75,2.26,15,2024-04-14
985,Seattle,rider_006,10.62,0.37,12,2024-02-22
986,Seattle,rider_042,18.39,1.53,21,2024-03-22
987,Denver,rider_056,11.99,0.66,10,2024-03-29
988,Houston,rider_001,15.59,2.77,24,2024-03-08
989,Austin,rider_037,19.12,4.33,24,2024-04-29
990,Seattle,rider_035,13.99,1.66,23,2024-02-24
991,Portland,rider_048,5.42,1.3,20,2024-02-08
992,Dallas,rider_030,7.66,0.53,16,2024-04-10
993,Dallas,rider_051,16.74,2.07,17,2024-02-25
994,Denver,rider_031,7.3,2.06,25,2024-02-27
995,Houston,rider_004,13.48,3.37,14,2024-01-10
996,Dallas,rider_024,2.33,0.19,27,2024-02-13
997,Portland,rider_038,74.18,7.83,11,2024-03-04
998,Austin,rider_028,21.09,0.83,31,2024-03-13
999,Portland,rider_046,79.34,14.15,21,2024-01-05
1000,Dallas,rider_019,14.45,,10,2024-04-05
1001,Houston,rider_014,11.7,1.77,21,2024-01-30
1002,Seattle,rider_030,9.18,0.32,28,2024-01-27
1003,Austin,rider_052,16.76,,18,2024-03-04
1004,Dallas,rider_058,10.77,0.83,13,2024-01-20
1005,Seattle,rider_006,16.66,3.01,19,2024-01-01
1006,Seattle,rider_038,19.9,5.14,24,2024-02-07
1007,Austin,rider_008,7.47,1.44,3,2024-02-28
1008,Seattle,rider_059,19.6,5.47,4,2024-01-07
1009,Houston,rider_013,11.32,2.53,22,2024-03-05
1010,Seattle,rider_011,8.88,1.01,15,2024-01-24
1011,Dallas,rider_041,5.59,1.47,18,2024-01-12
1012,Austin,rider_034,13.73,3.38,20,2024-01-17
1013,Portland,rider_025,5.93,0.58,24,2024-01-16
1014,Austin,rider_021,11.22,1.87,5,2024-01-07
1015,Houston,rider_000,20.62,3.71,22,2024-01-17
1016,Portland,rider_057,14.59,0.41,22,2024-02-13
1017,Dallas,rider_032,15.43,,8,2024-04-08
1018,Portland,rider_022,17.99,2.04,10,2024-02-21
1019,Seattle,rider_040,8.04,0.89,7,2024-03-18
1020,Seattle,rider_009,7.0,0.99,22,2024-04-01
1021,Austin,rider_018,20.67,3.09,31,2024-01-12
1022,Austin,rider_052,8.78,0.59,3,2024-04-07
1023,Seattle,rider_004,9.65,0.87,14,2024-02-09
1024,Portland,rider_039,15.12,3.08,10,2024-02-13
1025,Seattle,rider_006,10.08,0.69,26,2024-04-10
1026,Austin,rider_041,9.71,,23,2024-03-22
1027,Portland,rider_029,13.22,1.67,26,2024-01-05
1028,Austin,rider_012,27.98,,18,2024-02-15
1029,Austin,rider_023,16.71,4.65,18,2024-01-04
1030,Denver,rider_028,12.02,0.16,14,2024-02-19
1031,Portland,rider_049,27.74,,31,2024-03-10
1032,Dallas,rider_000,10.68,1.86,31,2024-02-15
1033,Austin,rider_020,5.78,1.07,21,2024-03-14
1034,Dallas,rider_034,10.14,2.39,15,2024-03-15
1035,Seattle,rider_046,28.12,5.94,30,2024-03-10
1036,Dallas,rider_036,13.34,2.84,40,2024-02-28
1037,Houston,rider_004,22.61,1.09,15,2024-02-18
1038,Houston,rider_005,13.2,2.52,26,2024-01-14
1039,Austin,rider_051,12.3,0.18,14,2024-03-02
1040,Denver,rider_008,7.37,,5,2024-03-01
1041,Denver,rider_035,4.49,0.69,15,2024-02-19
1042,Denver,rider_058,7.16,,7,2024-03-06
1043,Austin,rider_047,15.75,1.34,22,2024-03-18
1044,Denver,rider_014,4.04,0.92,5,2024-04-17
1045,Houston,rider_034,6.93,1.59,11,2024-02-25
1046,Portland,rider_053,9.13,1.36,14,2024-02-03
1047,Dallas,rider_032,17.42,1.06,24,2024-03-10
1048,Austin,rider_038,11.46,0.18,22,2024-04-18
1049,Dallas,rider_034,16.53,3.02,3,2024-04-24
1050,Houston,rider_004,4.21,0.92,14,2024-03-15
1051,Seattle,rider_032,10.79,0.63,15,2024-03-12
1052,Denver,rider_050,13.71,1.52,15,2024-04-28
1053,Dallas,rider_004,16.98,3.2,15,2024-02-13
1054,Houston,rider_003,12.65,1.83,13,2024-03-09
1055,Austin,rider_023,7.7,,26,2024-02-19
1056,Austin,rider_017,14.53,2.01,15,2024-03-11
1057,Denver,rider_002,14.04,0.62,3,2024-02-25
1058,Austin,rider_035,5.83,1.23,17,2024-03-24
1059,Dallas,rider_033,24.82,3.45,16,2024-04-12
1060,Houston,rider_022,6.21,1.46,10,2024-04-28
1061,Dallas,rider_013,16.41,1.79,24,2024-02-25
1062,Houston,rider_045,13.95,2.06,14,2024-03-22
1063,Houston,rider_018,9.69,2.09,12,2024-01-11
1064,Austin,rider_021,13.14,3.49,10,2024-04-06
1065,Dallas,rider_048,21.26,1.17,26,2024-03-15
1066,Houston,rider_005,12.89,2.1,28,2024-04-04
1067,Houston,rider_023,9.85,0.22,15,2024-04-25
1068,Houston,rider_004,10.75,0.68,19,2024-01-17
1069,Denver,rider_001,20.74,6.02,12,2024-02-25
1070,Dallas,rider_027,8.82,0.71,19,2024-02-10
1071,Dallas,rider_037,12.48,1.03,31,2024-03-14
1072,Houston,rider_013,30.15,,30,2024-01-10
1073,Denver,rider_002,16.6,0.97,24,2024-01-18
1074,Portland,rider_045,13.42,3.79,19,2024-02-20
1075,Portland,rider_059,14.46,3.8,38,2024-04-08
1076,Denver,rider_034,21.55,3.57,23,2024-01-26
1077,Austin,rider_033,7.6,2.2,26,2024-02-25
1078,Dallas,rider_030,12.58,,25,2024-04-16
1079,Austin,rider_029,8.94,,12,2024-03-30
1080,Dallas,rider_018,11.23,1.44,14,2024-03-14
1081,Seattle,rider_031,17.47,4.32,19,2024-02-03
1082,Austin,rider_037,6.18,1.56,5,2024-04-12
1083,Seattle,rider_015,22.7,5.71,13,2024-01-02
1084,Seattle,rider_014,16.32,0.18,13,2024-03-16
1085,Austin,rider_026,17.43,2.89,28,2024-03-10
1086,Seattle,rider_059,9.69,2.27,14,2024-02-26
1087,Denver,rider_044,21.98,0.64,27,2024-04-22
1088,Portland,rider_030,4.56,0.66,24,2024-04-19
1089,Dallas,rider_025,7.06,0.51,3,2024-03-04
1090,Austin,rider_054,12.32,2.61,26,2024-02-16
1091,Denver,rider_013,34.27,3.58,19,2024-01-22
1092,Austin,rider_002,7.82,0.21,10,2024-01-19
1093,Denver,rider_053,9.02,0.83,26,2024-01-30
1094,Portland,rider_005,5.03,,12,2024-03-17
1095,Portland,rider_011,12.13,0.66,19,2024-02-22
1096,Austin,rider_002,33.84,,7,2024-02-23
1097,Houston,rider_024,14.74,,14,2024-04-13
1098,Houston,rider_051,12.84,0.65,17,2024-04-17
1099,Dallas,rider_002,22.69,3.81,19,2024-01-10
1100,Denver,rider_013,17.6,0.04,13,2024-01-16
1101,Houston,rider_053,9.75,1.3,29,2024-03-06
1102,Austin,rider_007,29.33,1.5,28,2024-02-11
1103,Dallas,rider_052,17.9,,25,2024-04-29
1104,Houston,rider_037,13.71,2.86,21,2024-02-21
1105,Denver,rider_034,22.87,5.59,20,2024-04-14
1106,Houston,rider_049,17.72,2.53,13,2024-04-05
1107,Austin,rider_017,13.3,2.47,17,2024-02-04
1108,Portland,rider_042,45.41,13.09,17,2024-03-01
1109,Houston,rider_045,13.68,0.7,13,2024-02-03
1110,Austin,rider_051,4.53,0.63,18,2024-04-25
1111,Houston,rider_016,17.06,2.05,7,2024-01-28
1112,Seattle,rider_033,23.19,3.99,18,2024-03-26
1113,Austin,rider_052,22.38,2.35,24,2024-02-28
1114,Dallas,rider_000,11.02,1.8,20,2024-03-28
1115,Austin,rider_045,12.42,2.08,8,2024-04-06
1116,Denver,rider_002,9.68,,5,2024-04-16
1117,Austin,rider_011,16.85,0.65,11,2024-03-13
1118,Dallas,rider_056,5.97,1.19,31,2024-02-04
1119,Denver,rider_016,19.48,5.8,11,2024-03-18
1120,Houston,rider_057,23.71,2.25,12,2024-03-24
1121,Denver,rider_038,4.75,0.84,35,2024-02-06
1122,Houston,rider_056,40.35,0.76,13,2024-03-02
1123,Houston,rider_018,58.4,2.3,23,2024-02-26
1124,Houston,rider_015,10.62,2.71,5,2024-04-27
1125,Dallas,rider_032,25.71,2.22,3,2024-01-28
1126,Austin,rider_007,23.13,5.29,18,2024-04-15
1127,Portland,rider_038,11.47,0.35,23,2024-01-06
1128,Seattle,rider_030,31.32,7.71,3,2024-01-11
1129,Austin,rider_041,8.07,1.96,14,2024-02-24
1130,Dallas,rider_024,18.27,2.19,6,2024-01-28
1131,Denver,rider_037,27.68,2.79,3,2024-01-27
1132,Portland,rider_051,13.1,1.09,3,2024-03-07
1133,Dallas,rider_037,12.69,3.12,24,2024-03-31
1134,Denver,rider_000,15.27,3.15,26,2024-04-22
1135,Portland,rider_015,10.6,0.91,22,2024-02-29
1136,Denver,rider_040,9.5,0.9,40,2024-04-08
1137,Houston,rider_038,25.28,6.1,15,2024-04-13
1138,Seattle,rider_058,12.4,1.54,22,2024-02-20
1139,Portland,rider_042,17.76,0.04,20,2024-01-23
1140,Seattle,rider_043,13.19,0.89,25,2024-02-10
1141,Austin,rider_015,11.58,2.62,23,2024-02-03
1142,Denver,rider_009,10.46,1.99,12,2024-04-04
1143,Portland,rider_015,14.66,3.29,23,2024-01-24
1144,Dallas,rider_005,17.18,0.2,4,2024-04-11
1145,Houston,rider_051,15.73,1.42,18,2024-02-06
1146,Houston,rider_017,14.14,4.11,17,2024-02-18
1147,Denver,rider_034,16.55,0.19,11,2024-04-07
1148,Denver,rider_053,9.01,1.22,19,2024-01-21
1149,Portland,rider_031,10.51,2.92,11,2024-04-08
1150,Austin,rider_014,7.92,1.92,9,2024-01-04
1151,Houston,rider_047,18.65,1.26,14,2024-01-28
1152,Austin,rider_031,19.96,5.75,17,2024-03-18
1153,Denver,rider_009,20.62,3.42,7,2024-04-13
1154,Portland,rider_046,14.46,1.15,12,2024-04-09
1155,Denver,rider_049,47.81,4.36,3,2024-02-08
1156,Austin,rider_052,13.9,2.79,31,2024-04-21
1157,Austin,rider_013,31.1,5.93,18,2024-03-08
1158,Dallas,rider_027,8.4,0.46,6,2024-02-18
1159,Denver,rider_020,12.54,3.04,23,2024-03-08
1160,Portland,rider_005,8.46,0.49,23,2024-01-06
1161,Portland,rider_035,13.08,0.19,19,2024-03-11
1162,Austin,rider_045,17.61,1.89,21,2024-02-02
1163,Austin,rider_052,15.18,2.4,9,2024-01-12
1164,Seattle,rider_024,25.62,3.05,26,2024-01-02
1165,Austin,rider_059,16.89,0.08,19,2024-02-15
1166,Denver,rider_049,23.82,,23,2024-01-25
1167,Denver,rider_026,23.78,0.59,5,2024-03-28
1168,Dallas,rider_048,25.45,1.42,16,2024-02-12
1169,Denver,rider_036,7.93,2.2,6,2024-03-02
1170,Denver,rider_013,18.7,3.17,19,2024-02-09
1171,Austin,rider_009,6.22,1.63,8,2024-03-08
1172,Portland,rider_048,21.2,4.98,16,2024-02-12
1173,Seattle,rider_059,19.06,0.75,14,2024-01-24
1174,Seattle,rider_014,47.31,11.64,18,2024-02-02
1175,Portland,rider_048,6.91,0.03,15,2024-03-03
1176,Seattle,rider_056,8.37,1.23,6,2024-01-25
1177,Houston,rider_007,16.46,1.58,3,2024-04-24
1178,Seattle,rider_035,13.28,3.71,36,2024-02-21
1179,Seattle,rider_011,9.84,2.76,11,2024-02-16
1180,Dallas,rider_001,42.11,7.57,20,2024-02-12
1181,Dallas,rider_030,11.19,2.58,18,2024-04-07
1182,Seattle,rider_037,10.22,2.25,34,2024-03-14
1183,Dallas,rider_054,7.84,2.3,14,2024-03-07
1184,Dallas,rider_056,13.97,3.98,27,2024-01-07
1185,Seattle,rider_037,5.56,0.04,24,2024-01-25
1186,Portland,rider_059,23.42,2.4,20,2024-03-09
1187,Denver,rider_000,22.69,0.54,17,2024-01-16
1188,Portland,rider_047,7.35,0.79,8,2024-03-27
1189,Portland,rider_049,12.2,1.31,21,2024-02-08
1190,Denver,rider_021,16.14,1.33,3,2024-01-20
1191,Seattle,rider_041,7.1,0.3,26,2024-02-05
1192,Seattle,rider_040,15.78,0.48,12,2024-04-07
1193,Portland,rider_015,24.84,6.39,22,2024-01-03
1194,Portland,rider_002,10.63,1.51,18,2024-03-03
1195,Seattle,rider_027,13.67,2.63,30,2024-04-27
1196,Austin,rider_048,9.61,1.2,13,2024-03-30
1197,Denver,rider_055,11.06,0.19,6,2024-04-01
1198,Houston,rider_057,16.61,1.5,15,2024-03-29
1199,Austin,rider_039,10.63,2.67,17,2024-02-20
1200,Denver,rider_026,12.97,0.37,25,2024-01-20
1201,Austin,rider_001,7.77,0.68,23,2024-02-10
1202,Austin,rider_008,9.7,0.51,35,2024-03-03
1203,Houston,rider_042,22.87,0.97,15,2024-02-23
1204,Denver,rider_001,12.71,1.34,31,2024-04-18
1205,Dallas,rider_007,13.21,0.65,5,2024-02-17
1206,Dallas,rider_059,12.93,1.14,10,2024-02-20
1207,Portland,rider_023,10.34,1.16,42,2024-01-17
1208,Dallas,rider_056,10.91,1.91,9,2024-03-08
1209,Austin,rider_004,12.11,0.84,4,2024-03-28
1210,Seattle,rider_008,13.09,,21,2024-02-06
1211,Dallas,rider_046,18.03,1.62,25,2024-02-07
1212,Austin,rider_050,11.34,3.3,16,2024-02-16
1213,Dallas,rider_030,5.42,0.77,19,2024-04-17
1214,Dallas,rider_048,22.38,5.39,13,2024-02-16
1215,Houston,rider_021,37.21,10.64,9,2024-01-01
1216,Portland,rider_059,6.49,0.07,16,2024-02-28
1217,Houston,rider_009,7.04,1.42,13,2024-01-12
1218,Portland,rider_020,20.68,4.99,8,2024-03-04
1219,Seattle,rider_043,16.22,2.33,12,2024-03-28
1220,Seattle,rider_038,17.02,4.39,14,2024-04-24
1221,Portland,rider_046,5.59,0.11,27,2024-02-16
1222,Seattle,rider_034,28.79,1.02,10,2024-04-19
1223,Dallas,rider_027,17.16,2.65,11,2024-02-28
1224,Seattle,rider_048,20.61,2.36,25,2024-03-17
1225,Portland,rider_041,16.3,0.95,27,2024-03-15
1226,Denver,rider_031,14.3,3.82,3,2024-02-19
1227,Seattle,rider_009,9.55,1.04,10,2024-02-13
1228,Seattle,rider_035,6.29,0.15,22,2024-04-11
1229,Portland,rider_048,16.03,4.2,10,2024-01-29
1230,Houston,rider_011,6.78,1.49,25,2024-03-25
1231,Austin,rider_047,28.38,0.41,31,2024-03-18
1232,Houston,rider_037,15.69,0.36,22,2024-03-30
1233,Seattle,rider_022,19.15,0.05,30,2024-02-22
1234,Dallas,rider_010,31.2,,15,2024-03-20
1235,Seattle,rider_017,23.75,1.39,30,2024-02-08
1236,Houston,rider_004,20.35,1.76,27,2024-02-17
1237,Denver,rider_008,6.43,0.56,8,2024-01-14
1238,Austin,rider_010,10.67,0.5,22,2024-01-13
1239,Seattle,rider_040,12.4,1.31,32,2024-04-06
1240,Seattle,rider_059,15.61,2.33,4,2024-02-20
1241,Houston,rider_013,29.06,3.01,8,2024-04-25
1242,Austin,rider_007,7.45,1.07,33,2024-02-06
1243,Portland,rider_014,15.01,2.9,18,2024-04-17
1244,Seattle,rider_050,9.66,2.59,30,2024-04-21
1245,Houston,rider_033,11.39,1.57,21,2024-02-20
1246,Dallas,rider_044,28.39,4.93,16,2024-01-25
1247,Denver,rider_047,14.3,3.19,17,2024-03-17
1248,Austin,rider_028,5.6,1.45,24,2024-01-12
1249,Denver,rider_051,4.97,0.08,9,2024-01-30
1250,Dallas,rider_007,12.77,2.13,3,2024-04-04
1251,Denver,rider_014,5.68,0.13,29,2024-02-18
1252,Austin,rider_033,24.46,3.72,11,2024-04-20
1253,Houston,rider_051,7.04,,30,2024-02-29
1254,Dallas,rider_005,6.82,1.27,3,2024-04-28
1255,Dallas,rider_007,22.84,6.11,26,2024-04-26
1256,Houston,rider_003,22.9,5.83,29,2024-02-18
1257,Houston,rider_014,8.49,2.39,20,2024-03-25
1258,Denver,rider_009,6.42,0.55,23,2024-04-07
1259,Seattle,rider_038,27.89,5.27,14,2024-01-18
1260,Austin,rider_018,4.4,1.3,31,2024-03-12
1261,Austin,rider_025,24.34,5.32,16,2024-03-29
1262,Dallas,rider_053,10.07,,16,2024-03-10
1263,Austin,rider_027,10.41,2.41,19,2024-04-26
1264,Portland,rider_019,14.5,0.2,16,2024-03-26
1265,Denver,rider_041,22.29,4.69,20,2024-04-20
1266,Austin,rider_051,9.31,2.63,10,2024-02-08
1267,Denver,rider_014,10.92,0.66,3,2024-04-28
1268,Austin,rider_000,15.59,1.62,13,2024-02-19
1269,Seattle,rider_056,42.86,6.89,38,2024-03-18
1270,Austin,rider_012,17.0,3.66,16,2024-02-16
1271,Seattle,rider_018,16.31,4.88,3,2024-04-12
1272,Seattle,rider_023,18.93,3.7,3,2024-03-05
1273,Seattle,rider_021,17.74,2.43,24,2024-01-13
1274,Denver,rider_041,6.68,0.3,25,2024-03-08
1275,Dallas,rider_055,6.73,1.24,22,2024-04-17
1276,Portland,rider_030,30.33,7.83,27,2024-03-16
1277,Portland,rider_045,13.74,,31,2024-02-28
1278,Houston,rider_048,11.42,3.05,28,2024-02-20
1279,Houston,rider_033,9.2,,13,2024-04-06
1280,Portland,rider_008,9.15,2.18,27,2024-03-16
1281,Denver,rider_011,15.96,0.26,45,2024-02-22
1282,Portland,rider_023,13.59,,28,2024-01-10
1283,Seattle,rider_009,34.36,1.86,3,2024-01-23
1284,Houston,rider_053,17.82,0.65,22,2024-04-27
1285,Austin,rider_048,23.49,4.08,3,2024-04-07
1286,Denver,rider_044,16.2,0.25,21,2024-04-03
1287,Dallas,rider_056,19.27,1.81,29,2024-04-04
1288,Denver,rider_058,19.77,3.48,14,2024-04-13
1289,Seattle,rider_003,9.14,2.35,23,2024-01-02
1290,Portland,rider_043,23.64,4.76,17,2024-03-28
1291,Austin,rider_024,9.17,1.52,15,2024-01-19
1292,Houston,rider_025,42.6,12.33,21,2024-01-26
1293,Houston,rider_006,10.14,2.57,33,2024-03-26
1294,Portland,rider_021,12.77,2.2,29,2024-01-03
1295,Houston,rider_009,12.12,,7,2024-01-07
1296,Austin,rider_025,14.61,3.39,23,2024-02-29
1297,Dallas,rider_016,10.53,1.12,11,2024-02-24
1298,Denver,rider_014,16.75,4.6,17,2024-01-07
1299,Seattle,rider_006,13.1,2.77,21,2024-01-30
1300,Portland,rider_012,18.83,4.55,23,2024-02-10
1301,Austin,rider_015,30.24,3.53,11,2024-03-13
1302,Houston,rider_032,8.64,2.35,30,2024-02-29
1303,Seattle,rider_033,5.32,1.11,16,2024-02-04
1304,Denver,rider_051,11.41,2.33,23,2024-02-13
1305,Dallas,rider_025,6.42,0.86,24,2024-04-05
1306,Seattle,rider_034,25.5,2.34,19,2024-03-13
1307,Seattle,rider_028,6.58,0.75,10,2024-01-22
1308,Denver,rider_006,44.2,,19,2024-02-24
1309,Dallas,rider_056,11.6,2.84,14,2024-02-18
1310,Denver,rider_014,21.25,,17,2024-02-15
1311,Houston,rider_013,12.27,0.15,9,2024-01-15
1312,Seattle,rider_022,16.68,,7,2024-02-14
1313,Denver,rider_010,14.5,4.02,6,2024-02-12
1314,Seattle,rider_011,13.55,2.74,3,2024-03-25
1315,Seattle,rider_012,14.15,1.56,29,2024-02-13
1316,Portland,rider_053,9.91,0.4,14,2024-01-12
1317,Denver,rider_049,18.95,4.34,10,2024-03-05
1318,Denver,rider_042,7.57,,16,2024-02-22
1319,Denver,rider_040,12.04,,31,2024-03-17
1320,Seattle,rider_038,12.48,3.65,7,2024-02-25
1321,Portland,rider_030,9.79,1.21,19,2024-04-16
1322,Seattle,rider_057,15.74,3.38,18,2024-03-02
1323,Austin,rider_040,13.08,,3,2024-02-08
1324,Dallas,rider_043,11.08,0.71,16,2024-01-04
1325,Houston,rider_029,6.33,1.51,29,2024-04-18
1326,Denver,rider_022,29.27,0.73,19,2024-01-10
1327,Houston,rider_011,13.37,2.7,24,2024-01-02
1328,Seattle,rider_034,11.7,1.62,6,2024-04-14
1329,Seattle,rider_047,16.61,2.61,17,2024-01-05
1330,Houston,rider_006,19.93,2.26,13,2024-03-30
1331,Denver,rider_056,17.92,4.41,17,2024-04-01
1332,Dallas,rider_007,9.51,0.69,9,2024-02-26
1333,Dallas,rider_005,23.63,0.48,18,2024-03-21
1334,Dallas,rider_052,20.27,4.98,22,2024-03-24
1335,Portland,rider_029,8.12,1.84,18,2024-01-15
1336,Houston,rider_045,23.96,6.84,4,2024-04-07
1337,Houston,rider_018,28.2,4.17,9,2024-04-10
1338,Houston,rider_014,7.81,0.98,18,2024-03-21
1339,Houston,rider_023,17.56,2.47,18,2024-04-30
1340,Houston,rider_043,11.05,3.18,34,2024-02-01
1341,Houston,rider_029,14.07,1.74,6,2024-03-09
1342,Denver,rider_056,10.62,1.65,34,2024-04-07
1343,Dallas,rider_008,9.82,0.9,5,2024-02-12
1344,Denver,rider_036,11.21,1.28,14,2024-04-04
1345,Portland,rider_029,17.77,1.94,17,2024-04-08
1346,Portland,rider_020,15.23,2.04,19,2024-02-24
1347,Dallas,rider_047,11.94,2.76,4,2024-01-04
1348,Houston,rider_029,14.08,2.45,21,2024-02-23
1349,Portland,rider_016,17.83,3.62,29,2024-01-30
1350,Denver,rider_001,17.38,4.04,7,2024-01-05
1351,Dallas,rider_011,13.83,2.3,17,2024-01-09
1352,Dallas,rider_023,21.07,1.86,12,2024-04-06
1353,Denver,rider_000,14.73,2.86,19,2024-01-18
1354,Portland,rider_013,22.8,1.47,31,2024-04-03
1355,Portland,rider_059,27.51,5.9,19,2024-01-14
1356,Dallas,rider_028,25.68,1.88,10,2024-03-03
1357,Dallas,rider_013,18.2,5.39,10,2024-03-02
1358,Dallas,rider_014,11.45,1.27,23,2024-03-10
1359,Dallas,rider_041,16.9,4.74,20,2024-02-21
1360,Denver,rider_028,14.33,0.95,24,2024-03-18
1361,Seattle,rider_008,5.89,0.96,20,2024-03-17
1362,Houston,rider_026,17.59,1.94,16,2024-02-04
1363,Dallas,rider_010,7.69,0.07,22,2024-02-01
1364,Portland,rider_053,13.04,2.8,10,2024-03-11
1365,Seattle,rider_003,11.95,0.94,23,2024-04-25
1366,Denver,rider_032,9.04,0.66,12,2024-01-03
1367,Portland,rider_055,16.75,4.02,17,2024-03-01
1368,Houston,rider_005,12.44,1.1,21,2024-01-14
1369,Denver,rider_037,17.06,3.32,14,2024-03-19
1370,Denver,rider_006,8.6,0.79,19,2024-03-18
1371,Portland,rider_038,6.8,1.01,24,2024-02-11
1372,Seattle,rider_049,33.18,5.47,13,2024-02-25
1373,Dallas,rider_023,14.87,1.87,3,2024-02-14
1374,Denver,rider_032,6.56,1.52,5,2024-01-30
1375,Austin,rider_049,11.57,0.64,14,2024-03-10
1376,Dallas,rider_043,23.57,1.74,24,2024-04-06
1377,Seattle,rider_037,42.25,0.58,9,2024-02-20
1378,Seattle,rider_018,24.27,4.28,16,2024-02-16
1379,Seattle,rider_005,9.98,2.1,15,2024-01-16
1380,Portland,rider_000,14.77,,9,2024-04-04
1381,Austin,rider_000,8.9,0.82,21,2024-04-25
1382,Austin,rider_057,12.25,0.92,16,2024-03-16
1383,Austin,rider_021,5.77,0.37,6,2024-03-14
1384,Seattle,rider_016,11.17,1.99,27,2024-02-05
1385,Dallas,rider_001,14.68,,30,2024-02-06
1386,Houston,rider_052,23.96,4.86,29,2024-02-07
1387,Denver,rider_020,7.42,0.23,11,2024-02-21
1388,Dallas,rider_035,16.24,4.32,3,2024-01-24
1389,Seattle,rider_052,6.25,1.01,21,2024-01-21
1390,Austin,rider_043,10.5,2.48,34,2024-01-22
1391,Dallas,rider_038,31.12,1.98,24,2024-03-09
1392,Seattle,rider_027,14.65,3.21,15,2024-03-28
1393,Denver,rider_019,12.11,0.26,25,2024-02-05
1394,Austin,rider_036,11.15,1.76,19,2024-03-11
1395,Seattle,rider_013,6.0,1.17,14,2024-03-30
1396,Dallas,rider_005,8.23,,15,2024-02-23
1397,Portland,rider_043,21.71,1.89,39,2024-02-09
1398,Portland,rider_057,6.55,1.47,21,2024-02-17
1399,Dallas,rider_026,9.52,2.15,13,2024-04-18
1400,Houston,rider_048,11.24,3.29,10,2024-02-10
1401,Austin,rider_017,9.49,1.77,21,2024-02-01
1402,Houston,rider_046,30.23,0.65,22,2024-01-08
1403,Dallas,rider_026,25.87,4.59,12,2024-01-04
1404,Portland,rider_005,19.23,2.5,13,2024-02-13
1405,Denver,rider_054,7.48,0.16,9,2024-03-04
1406,Denver,rider_052,18.75,2.02,19,2024-03-24
1407,Dallas,rider_050,14.39,1.8,9,2024-02-02
1408,Seattle,rider_012,14.27,3.37,22,2024-04-08
1409,Dallas,rider_003,6.07,,37,2024-01-18
1410,Portland,rider_008,14.68,3.07,27,2024-02-13
1411,Portland,rider_000,22.93,0.59,15,2024-04-08
1412,Seattle,rider_056,9.94,0.24,31,2024-02-19
1413,Portland,rider_010,16.33,1.93,15,2024-04-27
1414,Portland,rider_045,11.81,2.3,18,2024-04-18
1415,Portland,rider_039,35.05,,13,2024-02-23
1416,Dallas,rider_030,11.6,2.25,29,2024-02-02
1417,Denver,rider_024,19.56,1.37,31,2024-02-09
1418,Portland,rider_032,8.83,1.16,8,2024-04-24
1419,Portland,rider_032,13.11,1.69,32,2024-02-06
1420,Houston,rider_058,4.54,,10,2024-03-24
1421,Houston,rider_022,13.64,1.81,13,2024-01-31
1422,Dallas,rider_037,9.4,0.67,17,2024-04-21
1423,Austin,rider_057,8.08,1.95,19,2024-03-16
1424,Austin,rider_036,13.63,2.23,28,2024-02-05
1425,Dallas,rider_008,13.96,3.11,19,2024-04-08
1426,Seattle,rider_051,31.7,0.38,8,2024-04-30
1427,Seattle,rider_021,32.2,8.29,30,2024-02-12
1428,Dallas,rider_027,11.64,2.24,9,2024-02-08
1429,Denver,rider_037,13.9,1.18,7,2024-02-26
1430,Portland,rider_018,19.3,2.99,21,2024-01-12
1431,Denver,rider_024,14.06,3.26,18,2024-02-05
1432,Denver,rider_009,11.03,1.42,18,2024-02-20
1433,Austin,rider_042,19.74,,24,2024-04-21
1434,Seattle,rider_032,15.02,2.63,22,2024-04-09
1435,Seattle,rider_053,3.56,0.36,14,2024-01-25
1436,Seattle,rider_025,33.51,4.2,13,2024-04-20
1437,Denver,rider_043,11.87,2.46,16,2024-02-19
1438,Seattle,rider_046,9.46,1.87,21,2024-02-25
1439,Houston,rider_030,12.7,0.58,5,2024-01-14
1440,Austin,rider_039,6.66,1.33,20,2024-04-10
1441,Seattle,rider_026,9.2,2.56,11,2024-03-16
1442,Seattle,rider_046,10.49,1.04,28,2024-02-16
1443,Seattle,rider_005,13.15,0.46,10,2024-01-22
1444,Portland,rider_026,18.13,2.59,19,2024-03-19
1445,Dallas,rider_015,5.83,0.94,11,2024-02-01
1446,Austin,rider_040,8.71,0.34,25,2024-04-03
1447,Portland,rider_006,10.23,2.86,13,2024-01-12
1448,Denver,rider_055,14.51,2.21,24,2024-01-13
1449,Houston,rider_005,13.79,3.24,20,2024-02-19
1450,Seattle,rider_012,14.51,1.52,31,2024-04-29
1451,Houston,rider_059,22.56,5.49,15,2024-03-07
1452,Portland,rider_000,20.78,4.0,13,2024-01-04
1453,Seattle,rider_021,15.47,3.77,21,2024-02-14
1454,Houston,rider_040,17.83,2.36,19,2024-01-10
1455,Seattle,rider_014,18.5,4.28,16,2024-02-09
1456,Houston,rider_024,8.68,1.72,17,2024-02-27
1457,Houston,rider_002,15.59,,9,2024-01-18
1458,Portland,rider_015,19.54,,27,2024-01-11
1459,Austin,rider_037,27.7,2.41,21,2024-01-27
1460,Seattle,rider_055,5.52,,10,2024-04-28
1461,Dallas,rider_054,11.78,0.02,23,2024-01-16
1462,Portland,rider_056,28.41,3.0,14,2024-02-06
1463,Portland,rider_046,3.95,0.46,24,2024-04-01
1464,Austin,rider_005,13.4,0.02,24,2024-01-13
1465,Dallas,rider_027,7.43,0.08,23,2024-04-13
1466,Portland,rider_020,16.22,2.46,15,2024-04-05
1467,Denver,rider_005,25.27,3.1,15,2024-04-08
1468,Austin,rider_038,9.06,2.44,17,2024-03-30
1469,Denver,rider_035,20.75,,13,2024-03-17
1470,Seattle,rider_046,20.61,1.0,22,2024-03-14
1471,Seattle,rider_004,16.96,2.38,19,2024-02-13
1472,Austin,rider_059,5.49,0.41,24,2024-03-29
1473,Seattle,rider_023,9.06,1.68,19,2024-02-17
1474,Dallas,rider_018,8.68,0.25,23,2024-02-02
1475,Seattle,rider_008,5.08,0.18,35,2024-03-15
1476,Portland,rider_056,13.15,1.45,22,2024-04-24
1477,Denver,rider_057,23.52,6.84,26,2024-02-09
1478,Seattle,rider_040,27.95,3.88,11,2024-04-14
1479,Houston,rider_026,25.01,1.78,15,2024-04-10
1480,Seattle,rider_027,9.33,2.35,15,2024-04-12
1481,Denver,rider_039,5.66,1.05,11,2024-03-30
1482,Seattle,rider_029,12.52,1.97,25,2024-02-14
1483,Portland,rider_037,10.5,0.69,26,2024-02-18
1484,Denver,rider_019,5.68,0.24,18,2024-01-02
1485,Portland,rider_051,11.97,3.41,20,2024-01-21
1486,Seattle,rider_004,10.66,1.11,23,2024-04-05
1487,Austin,rider_051,16.5,0.91,4,2024-04-03
1488,Houston,rider_040,22.93,2.69,19,2024-01-20
1489,Dallas,rider_045,18.3,3.9,3,2024-04-09
1490,Houston,rider_041,14.23,3.25,9,2024-04-08
1491,Denver,rider_056,9.17,0.08,25,2024-03-23
1492,Austin,rider_005,23.99,,18,2024-01-04
1493,Denver,rider_048,25.82,,24,2024-02-17
1494,Houston,rider_054,9.05,2.02,16,2024-02-02
1495,Austin,rider_007,12.26,0.51,19,2024-02-23
1496,Seattle,rider_026,9.09,1.99,16,2024-02-05
1497,Austin,rider_011,41.27,6.33,15,2024-03-17
1498,Denver,rider_021,9.73,1.14,6,2024-03-14
1499,Dallas,rider_056,8.4,0.36,23,2024-02-11
1500,Austin,rider_048,38.91,6.45,29,2024-01-25
1501,Portland,rider_011,11.04,1.21,31,2024-04-24
1502,Seattle,rider_047,17.88,5.22,23,2024-01-17
1503,Portland,rider_021,20.75,1.44,35,2024-04-28
1504,Portland,rider_055,15.64,2.97,6,2024-04-27
1505,Denver,rider_022,17.84,3.72,37,2024-01-01
1506,Dallas,rider_008,8.19,,21,2024-01-23
1507,Denver,rider_038,14.3,1.51,15,2024-03-04
1508,Houston,rider_047,29.17,0.75,13,2024-02-02
1509,Austin,rider_029,10.83,0.11,21,2024-02-09
1510,Austin,rider_006,11.91,1.54,3,2024-03-03
1511,Denver,rider_013,31.62,9.32,20,2024-04-01
1512,Seattle,rider_058,14.62,1.98,16,2024-04-10
1513,Portland,rider_001,7.66,2.16,11,2024-02-02
1514,Denver,rider_013,14.89,3.15,28,2024-04-26
1515,Portland,rider_046,27.2,6.59,19,2024-01-01
1516,Houston,rider_028,25.75,2.57,28,2024-02-26
1517,Houston,rider_007,16.49,1.98,22,2024-03-24
1518,Austin,rider_037,41.47,9.69,19,2024-04-17
1519,Portland,rider_053,9.21,1.55,3,2024-02-25
1520,Houston,rider_017,19.19,1.14,6,2024-01-09
1521,Dallas,rider_004,29.16,5.09,8,2024-03-21
1522,Austin,rider_002,11.42,1.82,29,2024-02-12
1523,Dallas,rider_007,6.55,0.1,13,2024-03-25
1524,Denver,rider_057,9.32,1.5,26,2024-04-13
1525,Portland,rider_028,16.57,2.52,17,2024-03-06
1526,Portland,rider_032,29.02,4.48,37,2024-04-24
1527,Houston,rider_051,12.62,2.72,15,2024-02-08
1528,Seattle,rider_033,12.4,3.31,9,2024-02-23
1529,Seattle,rider_016,25.86,6.37,16,2024-04-29
1530,Dallas,rider_049,19.28,1.75,21,2024-01-15
1531,Dallas,rider_057,29.93,1.56,3,2024-04-10
1532,Portland,rider_025,12.8,1.01,17,2024-01-21
1533,Denver,rider_021,17.54,0.12,12,2024-02-21
1534,Austin,rider_018,15.27,,29,2024-04-26
1535,Dallas,rider_014,17.38,1.32,12,2024-04-20
1536,Seattle,rider_056,7.01,0.94,13,2024-02-17
1537,Dallas,rider_032,28.82,,25,2024-03-12
1538,Austin,rider_025,14.18,1.6,6,2024-03-12
1539,Seattle,rider_048,18.13,1.48,18,2024-02-20
1540,Denver,rider_027,12.13,0.01,25,2024-03-21
1541,Portland,rider_025,11.92,2.28,16,2024-03-31
1542,Dallas,rider_005,11.2,2.8,7,2024-04-23
1543,Seattle,rider_026,5.45,0.23,18,2024-02-22
1544,Portland,rider_020,11.18,,24,2024-02-13
1545,Portland,rider_031,7.5,0.99,37,2024-03-02
1546,Portland,rider_043,20.4,0.81,9,2024-04-07
1547,Portland,rider_004,5.05,0.25,16,2024-03-06
1548,Seattle,rider_017,20.46,2.11,15,2024-04-13
1549,Seattle,rider_028,11.31,0.48,6,2024-01-13
1550,Austin,rider_044,24.7,0.2,15,2024-02-13
1551,Denver,rider_025,12.16,2.89,14,2024-01-21
1552,Denver,rider_013,7.85,2.09,11,2024-01-28
1553,Dallas,rider_014,19.11,5.49,5,2024-01-31
1554,Seattle,rider_026,6.6,0.95,14,2024-02-25
1555,Dallas,rider_034,15.75,4.2,12,2024-02-21
1556,Seattle,rider_013,15.91,0.87,12,2024-03-07
1557,Seattle,rider_043,11.45,0.69,4,2024-03-04
1558,Denver,rider_044,14.87,1.21,17,2024-01-21
1559,Houston,rider_002,11.47,0.62,25,2024-04-18
1560,Seattle,rider_050,10.18,0.72,11,2024-03-17
1561,Seattle,rider_003,10.86,3.03,13,2024-03-29
1562,Seattle,rider_017,18.44,1.31,11,2024-02-21
1563,Dallas,rider_051,15.06,4.37,22,2024-01-24
1564,Seattle,rider_011,22.98,3.54,9,2024-04-29
1565,Portland,rider_051,11.82,0.77,19,2024-02-17
1566,Houston,rider_039,11.49,1.51,26,2024-03-07
1567,Denver,rider_013,9.48,2.42,18,2024-02-02
1568,Houston,rider_025,19.07,0.45,28,2024-03-15
1569,Portland,rider_045,6.97,0.63,16,2024-02-21
1570,Portland,rider_028,14.22,2.86,4,2024-04-20
1571,Portland,rider_031,9.02,0.51,7,2024-04-27
1572,Portland,rider_019,35.42,4.02,27,2024-04-30
1573,Austin,rider_037,15.21,,19,2024-02-24
1574,Denver,rider_029,19.12,2.3,12,2024-03-26
1575,Denver,rider_016,10.15,2.09,32,2024-04-13
1576,Dallas,rider_018,16.24,1.66,11,2024-02-09
1577,Austin,rider_021,6.58,,21,2024-02-12
1578,Dallas,rider_003,30.42,1.52,18,2024-02-06
1579,Austin,rider_009,6.08,1.7,25,2024-04-16
1580,Dallas,rider_035,8.42,1.87,23,2024-04-01
1581,Austin,rider_042,9.78,0.43,6,2024-03-18
1582,Seattle,rider_024,8.16,0.22,19,2024-03-03
1583,Portland,rider_021,8.86,2.33,13,2024-03-28
1584,Seattle,rider_047,19.42,3.99,19,2024-01-12
1585,Austin,rider_053,11.39,2.91,20,2024-03-05
1586,Dallas,rider_037,18.06,1.69,23,2024-01-13
1587,Seattle,rider_058,11.35,3.34,22,2024-03-05
1588,Portland,rider_008,47.04,1.43,14,2024-04-13
1589,Austin,rider_016,8.09,1.6,26,2024-03-15
1590,Seattle,rider_043,9.46,0.82,14,2024-03-28
1591,Austin,rider_024,12.36,0.9,29,2024-02-21
1592,Portland,rider_057,8.55,0.11,17,2024-03-14
1593,Seattle,rider_034,9.64,2.76,24,2024-01-02
1594,Seattle,rider_030,29.31,1.41,25,2024-04-06
1595,Denver,rider_012,11.27,1.18,27,2024-01-29
1596,Portland,rider_057,10.9,1.2,25,2024-04-24
1597,Seattle,rider_051,36.81,2.48,23,2024-03-03
1598,Austin,rider_010,18.84,4.9,4,2024-03-12
1599,Seattle,rider_054,5.79,1.04,32,2024-04-10
1600,Houston,rider_024,9.35,1.65,5,2024-03-31
1601,Portland,rider_002,33.82,7.6,13,2024-02-29
1602,Dallas,rider_039,9.32,0.69,13,2024-02-16
1603,Portland,rider_051,3.11,0.64,25,2024-02-08
1604,Denver,rider_029,15.04,3.28,28,2024-02-16
1605,Houston,rider_000,5.25,0.2,28,2024-03-20
1606,Houston,rider_031,13.49,0.36,13,2024-01-29
1607,Denver,rider_016,9.1,0.56,4,2024-02-10
1608,Dallas,rider_015,10.82,1.29,16,2024-02-28
1609,Houston,rider_018,16.48,3.73,5,2024-04-24
1610,Austin,rider_040,12.89,3.42,27,2024-04-01
1611,Seattle,rider_050,9.97,1.79,21,2024-03-11
1612,Seattle,rider_004,28.94,2.27,10,2024-04-23
1613,Austin,rider_016,10.47,0.84,20,2024-03-06
1614,Dallas,rider_034,21.56,,29,2024-01-15
1615,Dallas,rider_007,9.8,2.69,31,2024-01-15
1616,Dallas,rider_050,12.71,2.8,17,2024-03-21
1617,Austin,rider_045,53.38,5.27,8,2024-01-23
1618,Denver,rider_016,11.16,2.11,22,2024-03-02
1619,Austin,rider_026,16.1,1.24,13,2024-01-10
1620,Seattle,rider_025,11.34,2.42,17,2024-04-08
1621,Dallas,rider_016,6.94,1.84,15,2024-04-29
1622,Houston,rider_014,16.92,3.3,19,2024-03-17
1623,Denver,rider_046,27.55,7.35,7,2024-02-09
1624,Austin,rider_057,28.07,6.98,9,2024-02-26
1625,Houston,rider_019,7.95,0.7,3,2024-01-08
1626,Austin,rider_055,6.98,0.66,5,2024-03-27
1627,Seattle,rider_034,17.7,2.83,28,2024-01-15
1628,Dallas,rider_046,20.26,4.66,20,2024-03-04
1629,Houston,rider_005,12.4,3.64,18,2024-01-21
1630,Houston,rider_059,16.83,0.16,27,2024-01-17
1631,Dallas,rider_000,7.49,,31,2024-01-05
1632,Dallas,rider_020,10.64,1.5,15,2024-02-27
1633,Austin,rider_040,14.34,,29,2024-03-23
1634,Portland,rider_040,12.22,0.84,11,2024-04-12
1635,Portland,rider_045,12.76,,19,2024-01-12
1636,Austin,rider_015,13.62,2.29,23,2024-03-09
1637,Houston,rider_030,13.75,4.02,7,2024-01-12
1638,Portland,rider_030,24.77,5.73,23,2024-01-03
1639,Seattle,rider_017,18.18,3.19,14,2024-02-08
1640,Portland,rider_048,6.03,0.1,11,2024-02-08
1641,Portland,rider_057,4.52,1.12,3,2024-02-24
1642,Austin,rider_044,16.59,2.26,23,2024-03-31
1643,Houston,rider_041,4.44,1.24,35,2024-01-17
1644,Austin,rider_013,12.39,1.08,13,2024-03-21
1645,Dallas,rider_023,8.06,1.72,4,2024-03-25
1646,Denver,rider_051,14.14,2.79,16,2024-03-24
1647,Houston,rider_034,5.89,0.46,28,2024-02-03
1648,Portland,rider_033,5.35,0.37,18,2024-03-03
1649,Dallas,rider_048,10.18,0.77,34,2024-04-04
1650,Houston,rider_006,7.91,,36,2024-02-06
1651,Houston,rider_046,27.27,3.6,16,2024-03-14
1652,Dallas,rider_051,17.54,5.19,18,2024-01-18
1653,Portland,rider_053,14.89,1.05,24,2024-02-10
1654,Denver,rider_003,13.57,0.84,22,2024-04-05
1655,Dallas,rider_020,18.76,0.92,28,2024-04-01
1656,Portland,rider_030,25.68,5.8,13,2024-01-10
1657,Austin,rider_029,12.52,1.69,10,2024-02-24
1658,Denver,rider_000,9.29,0.7,10,2024-04-11
1659,Austin,rider_012,9.47,2.77,3,2024-03-27
1660,Dallas,rider_012,11.15,1.52,7,2024-01-07
1661,Austin,rider_032,5.46,1.11,23,2024-02-12
1662,Denver,rider_058,5.2,1.43,5,2024-01-20
1663,Houston,rider_016,13.85,1.95,9,2024-02-26
1664,Denver,rider_005,11.24,1.69,15,2024-04-07
1665,Denver,rider_055,17.09,2.62,13,2024-04-08
1666,Seattle,rider_020,28.6,6.24,18,2024-03-07
1667,Seattle,rider_048,9.58,0.1,34,2024-03-11
1668,Houston,rider_057,5.14,1.27,23,2024-01-01
1669,Dallas,rider_056,14.69,0.53,15,2024-04-17
1670,Houston,rider_031,13.43,,39,2024-02-24
1671,Portland,rider_012,10.52,,30,2024-03-05
1672,Denver,rider_011,16.91,0.27,13,2024-03-21
1673,Portland,rider_011,12.24,3.57,9,2024-03-06
1674,Dallas,rider_000,52.65,13.71,15,2024-02-14
1675,Houston,rider_054,19.22,4.1,35,2024-01-20
1676,Denver,rider_034,11.42,0.6,11,2024-01-06
1677,Austin,rider_009,25.15,6.42,28,2024-02-07
1678,Austin,rider_009,13.18,1.67,26,2024-02-29
1679,Austin,rider_017,18.05,5.01,22,2024-03-13
1680,Seattle,rider_021,19.25,5.07,46,2024-03-12
1681,Houston,rider_022,16.93,3.63,20,2024-01-13
1682,Dallas,rider_058,8.37,0.94,19,2024-02-01
1683,Dallas,rider_020,13.24,2.42,24,2024-03-11
1684,Denver,rider_054,14.89,2.37,26,2024-01-20
1685,Houston,rider_032,44.95,3.15,17,2024-03-20
1686,Austin,rider_052,12.41,1.12,3,2024-02-18
1687,Dallas,rider_034,7.95,0.05,3,2024-03-23
1688,Seattle,rider_031,6.76,1.53,16,2024-02-07
1689,Denver,rider_040,9.7,0.67,8,2024-01-03
1690,Dallas,rider_047,11.32,2.6,17,2024-03-23
1691,Denver,rider_005,15.26,4.32,27,2024-01-26
1692,Portland,rider_005,16.48,0.24,16,2024-04-18
1693,Dallas,rider_025,13.93,3.42,13,2024-01-21
1694,Portland,rider_031,25.09,,9,2024-03-27
1695,Seattle,rider_048,19.23,,15,2024-01-03
1696,Denver,rider_058,13.5,2.26,24,2024-03-26
1697,Denver,rider_040,12.71,1.44,29,2024-03-10
1698,Dallas,rider_027,14.91,3.85,13,2024-02-04
1699,Seattle,rider_005,14.55,0.34,19,2024-04-06
1700,Houston,rider_033,24.02,0.7,30,2024-04-08
1701,Denver,rider_036,35.04,10.47,18,2024-02-10
1702,Austin,rider_022,13.77,0.78,10,2024-02-25
1703,Denver,rider_039,13.58,0.14,18,2024-03-31
1704,Dallas,rider_033,10.66,0.36,11,2024-01-18
1705,Denver,rider_058,16.76,3.15,8,2024-03-25
1706,Austin,rider_038,6.99,0.4,11,2024-04-14
1707,Austin,rider_017,7.25,0.12,19,2024-03-10
1708,Seattle,rider_037,27.53,6.12,3,2024-02-25
1709,Seattle,rider_015,5.56,1.42,10,2024-03-31
1710,Austin,rider_029,10.5,0.2,30,2024-02-28
1711,Seattle,rider_004,9.35,,22,2024-03-13
1712,Houston,rider_049,23.63,4.78,15,2024-04-13
1713,Dallas,rider_046,13.65,0.81,3,2024-04-26
1714,Dallas,rider_025,9.62,,9,2024-03-14
1715,Portland,rider_003,28.46,3.17,20,2024-04-28
1716,Dallas,rider_011,9.79,0.47,12,2024-04-29
1717,Houston,rider_028,11.3,0.7,25,2024-01-06
1718,Denver,rider_013,9.04,0.16,4,2024-01-24
1719,Denver,rider_026,18.82,5.11,22,2024-04-03
1720,Houston,rider_045,9.37,1.31,20,2024-02-23
1721,Houston,rider_033,19.86,1.78,8,2024-02-16
1722,Seattle,rider_029,12.32,1.49,30,2024-01-05
1723,Seattle,rider_036,13.16,1.53,16,2024-04-27
1724,Seattle,rider_027,14.67,2.94,22,2024-01-14
1725,Denver,rider_007,12.99,2.33,28,2024-02-24
1726,Denver,rider_044,6.46,0.95,16,2024-04-11
1727,Seattle,rider_041,8.14,1.84,35,2024-01-25
1728,Portland,rider_055,8.64,2.33,17,2024-04-30
1729,Austin,rider_056,21.27,1.62,3,2024-03-24
1730,Austin,rider_016,16.46,3.87,10,2024-01-04
1731,Seattle,rider_025,24.63,0.06,14,2024-04-18
1732,Dallas,rider_006,15.5,,22,2024-03-03
1733,Austin,rider_028,13.15,0.56,28,2024-04-16
1734,Portland,rider_031,7.11,1.38,12,2024-01-15
1735,Portland,rider_012,32.31,8.72,22,2024-04-03
1736,Portland,rider_057,7.65,0.72,27,2024-02-21
1737,Dallas,rider_042,11.25,0.67,33,2024-04-10
1738,Seattle,rider_008,21.31,0.08,5,2024-03-29
1739,Seattle,rider_048,39.9,5.78,3,2024-04-22
1740,Austin,rider_035,15.44,2.69,31,2024-04-06
1741,Seattle,rider_007,10.08,1.9,3,2024-03-10
1742,Dallas,rider_027,18.24,1.57,28,2024-01-04
1743,Denver,rider_041,11.36,1.5,3,2024-03-09
1744,Portland,rider_033,12.45,2.69,19,2024-04-26
1745,Denver,rider_038,11.85,2.62,29,2024-04-14
1746,Dallas,rider_015,9.43,0.45,22,2024-02-02
1747,Portland,rider_000,26.52,2.56,10,2024-03-25
1748,Denver,rider_012,19.23,1.75,34,2024-04-11
1749,Seattle,rider_029,23.6,,18,2024-01-15
1750,Dallas,rider_000,10.23,,22,2024-03-25
1751,Portland,rider_011,20.62,,30,2024-01-13
1752,Denver,rider_045,16.14,0.15,7,2024-03-31
1753,Denver,rider_055,14.77,3.85,13,2024-03-30
1754,Denver,rider_003,13.88,3.1,16,2024-01-21
1755,Houston,rider_025,10.55,1.62,28,2024-01-07
1756,Houston,rider_046,10.6,2.09,27,2024-03-06
1757,Seattle,rider_012,5.19,,13,2024-01-28
1758,Austin,rider_052,27.3,7.77,27,2024-03-28
1759,Denver,rider_057,8.41,1.87,28,2024-04-23
1760,Portland,rider_043,16.87,0.58,24,2024-04-10
1761,Portland,rider_045,11.32,1.25,5,2024-01-21
1762,Dallas,rider_033,12.34,1.18,25,2024-04-02
1763,Austin,rider_006,8.45,0.49,15,2024-03-30
1764,Denver,rider_013,12.67,1.17,29,2024-03-26
1765,Portland,rider_000,13.38,0.42,22,2024-02-11
1766,Austin,rider_003,15.16,3.12,28,2024-01-30
1767,Denver,rider_006,9.84,0.77,3,2024-03-22
1768,Seattle,rider_054,10.59,1.91,31,2024-03-02
1769,Seattle,rider_058,10.94,,18,2024-01-26
1770,Portland,rider_044,23.76,2.15,24,2024-03-15
1771,Dallas,rider_045,28.52,8.12,14,2024-02-22
1772,Austin,rider_010,12.78,0.58,27,2024-01-29
1773,Portland,rider_057,21.44,,12,2024-02-13
1774,Seattle,rider_058,25.23,5.18,8,2024-04-11
1775,Denver,rider_039,10.34,3.0,32,2024-04-11
1776,Denver,rider_002,16.41,1.57,9,2024-03-24
1777,Denver,rider_014,15.73,1.31,4,2024-04-07
1778,Seattle,rider_014,34.89,1.36,13,2024-02-16
1779,Seattle,rider_002,13.23,1.7,16,2024-01-17
1780,Denver,rider_021,8.58,,26,2024-01-05
1781,Houston,rider_039,13.15,3.14,12,2024-02-24
1782,Denver,rider_013,10.29,2.56,31,2024-04-27
1783,Portland,rider_059,12.65,2.65,9,2024-03-17
1784,Dallas,rider_013,23.77,3.43,21,2024-03-09
1785,Austin,rider_017,9.24,,18,2024-04-15
1786,Denver,rider_002,38.43,,11,2024-04-05
1787,Austin,rider_009,14.62,3.39,24,2024-03-10
1788,Denver,rider_038,6.98,0.32,25,2024-01-29
1789,Austin,rider_004,6.17,0.06,17,2024-01-03
1790,Seattle,rider_050,10.16,0.43,31,2024-01-17
1791,Seattle,rider_023,7.52,1.14,3,2024-01-18
1792,Houston,rider_003,22.95,,32,2024-02-01
1793,Dallas,rider_052,6.85,0.62,21,2024-02-05
1794,Denver,rider_022,18.19,0.41,19,2024-03-27
1795,Dallas,rider_022,11.45,1.35,12,2024-01-26
1796,Houston,rider_050,16.17,0.41,3,2024-01-12
1797,Denver,rider_011,17.24,3.07,3,2024-03-08
1798,Portland,rider_040,9.71,0.26,18,2024-03-30
1799,Austin,rider_047,11.94,1.67,14,2024-01-25
1800,Portland,rider_027,4.54,0.3,22,2024-03-01
1801,Dallas,rider_042,20.49,4.72,4,2024-01-11
1802,Austin,rider_016,26.58,1.96,22,2024-04-28
1803,Austin,rider_011,24.35,5.27,28,2024-03-16
1804,Dallas,rider_004,32.41,7.78,16,2024-01-26
1805,Houston,rider_014,19.24,,23,2024-03-26
1806,Seattle,rider_014,10.65,1.78,27,2024-02-09
1807,Denver,rider_034,12.28,1.5,25,2024-03-13
1808,Denver,rider_025,10.88,0.85,18,2024-01-08
1809,Denver,rider_006,6.53,0.73,17,2024-02-08
1810,Austin,rider_018,14.38,,9,2024-02-01
1811,Seattle,rider_043,16.87,3.01,13,2024-02-21
1812,Houston,rider_012,11.11,1.69,14,2024-01-12
1813,Houston,rider_023,12.24,1.08,20,2024-01-15
1814,Portland,rider_030,17.07,0.16,8,2024-03-01
1815,Seattle,rider_051,16.59,2.89,23,2024-03-17
1816,Dallas,rider_028,15.86,1.61,32,2024-01-07
1817,Houston,rider_058,6.24,1.72,3,2024-01-21
1818,Seattle,rider_002,14.76,,14,2024-02-11
1819,Houston,rider_006,8.84,0.63,31,2024-03-30
1820,Dallas,rider_022,11.66,1.23,18,2024-03-13
1821,Houston,rider_001,17.77,2.75,22,2024-01-16
1822,Dallas,rider_031,14.1,1.35,32,2024-03-08
1823,Houston,rider_008,32.86,2.52,20,2024-03-30
1824,Dallas,rider_007,12.91,2.03,16,2024-03-14
1825,Dallas,rider_000,8.44,2.07,6,2024-02-20
1826,Portland,rider_008,16.53,1.53,25,2024-04-28
1827,Seattle,rider_055,11.93,3.37,4,2024-04-01
1828,Denver,rider_014,30.69,8.84,15,2024-04-23
1829,Austin,rider_029,7.25,1.87,16,2024-01-18
1830,Portland,rider_049,16.12,3.07,27,2024-03-30
1831,Denver,rider_038,7.59,1.09,8,2024-01-11
1832,Denver,rider_022,15.12,2.61,20,2024-03-28
1833,Austin,rider_007,9.1,0.1,28,2024-03-17
1834,Dallas,rider_003,12.28,2.97,4,2024-01-01
1835,Seattle,rider_016,4.12,0.52,17,2024-02-18
1836,Denver,rider_000,24.26,5.78,27,2024-02-15
1837,Austin,rider_052,9.47,1.25,10,2024-03-18
1838,Austin,rider_024,14.36,3.24,22,2024-03-28
1839,Seattle,rider_025,12.78,2.88,16,2024-02-06
1840,Seattle,rider_046,4.23,0.27,24,2024-02-19
1841,Denver,rider_056,22.73,5.29,3,2024-02-04
1842,Dallas,rider_011,12.33,2.08,3,2024-04-19
1843,Austin,rider_005,26.64,,28,2024-02-27
1844,Houston,rider_044,12.22,3.23,13,2024-02-12
1845,Dallas,rider_013,10.93,2.86,16,2024-02-01
1846,Houston,rider_057,5.59,0.11,23,2024-03-07
1847,Dallas,rider_002,9.2,,14,2024-02-01
1848,Denver,rider_015,17.54,2.18,25,2024-03-15
1849,Denver,rider_010,9.35,0.85,22,2024-01-15
1850,Denver,rider_047,7.77,,35,2024-01-30
1851,Denver,rider_057,18.23,1.42,24,2024-01-29
1852,Portland,rider_048,23.27,3.92,3,2024-03-09
1853,Austin,rider_026,17.52,1.38,12,2024-02-14
1854,Seattle,rider_054,12.65,0.92,17,2024-02-14
1855,Dallas,rider_039,11.0,2.92,18,2024-04-26
1856,Seattle,rider_005,5.89,0.37,3,2024-01-11
1857,Denver,rider_014,12.7,2.11,5,2024-02-11
1858,Dallas,rider_007,10.27,1.15,3,2024-01-06
1859,Austin,rider_046,14.26,2.08,22,2024-03-30
1860,Houston,rider_020,17.8,2.34,20,2024-02-25
1861,Houston,rider_007,11.18,0.62,28,2024-03-10
1862,Portland,rider_012,23.12,3.34,25,2024-03-10
1863,Austin,rider_046,7.15,2.12,17,2024-04-27
1864,Denver,rider_029,20.46,5.21,13,2024-02-05
1865,Dallas,rider_038,12.08,0.91,33,2024-02-14
1866,Austin,rider_013,10.65,2.97,29,2024-04-21
1867,Seattle,rider_030,9.35,2.12,17,2024-02-18
1868,Seattle,rider_055,12.63,,34,2024-02-18
1869,Denver,rider_043,9.21,1.87,3,2024-01-26
1870,Seattle,rider_017,11.79,0.27,18,2024-04-09
1871,Seattle,rider_057,10.03,2.47,18,2024-04-03
1872,Austin,rider_048,8.81,,22,2024-03-04
1873,Denver,rider_029,34.57,3.77,27,2024-03-07
1874,Portland,rider_033,7.14,1.88,7,2024-03-20
1875,Denver,rider_000,13.15,0.8,9,2024-02-08
1876,Seattle,rider_001,14.16,1.94,12,2024-02-14
1877,Houston,rider_030,17.74,1.8,11,2024-02-09
1878,Austin,rider_015,8.27,0.66,29,2024-01-11
1879,Dallas,rider_030,10.63,,18,2024-04-07
1880,Houston,rider_027,8.81,,23,2024-04-26
1881,Seattle,rider_049,8.14,2.27,24,2024-02-05
1882,Seattle,rider_026,5.73,0.71,13,2024-03-01
1883,Denver,rider_003,13.41,3.24,17,2024-03-23
1884,Denver,rider_006,7.68,1.18,14,2024-02-04
1885,Seattle,rider_019,7.77,,20,2024-02-05
1886,Houston,rider_051,6.55,0.78,8,2024-02-18
1887,Denver,rider_059,11.43,3.21,17,2024-03-19
1888,Portland,rider_048,11.48,0.64,17,2024-02-16
1889,Seattle,rider_027,32.27,8.7,20,2024-02-25
1890,Austin,rider_013,13.4,2.2,17,2024-03-30
1891,Denver,rider_017,14.8,1.9,10,2024-03-08
1892,Austin,rider_018,43.09,3.33,19,2024-01-16
1893,Portland,rider_034,10.44,2.25,15,2024-04-10
1894,Denver,rider_005,14.93,3.07,16,2024-03-28
1895,Houston,rider_044,6.83,1.44,17,2024-04-19
1896,Austin,rider_027,29.87,0.94,16,2024-03-10
1897,Portland,rider_034,8.46,0.29,18,2024-01-26
1898,Seattle,rider_025,3.01,0.47,15,2024-03-08
1899,Portland,rider_003,27.17,4.13,7,2024-04-28
1900,Austin,rider_046,4.93,1.18,32,2024-01-05
1901,Portland,rider_041,7.69,1.99,20,2024-04-10
1902,Portland,rider_041,9.3,,9,2024-01-18
1903,Houston,rider_017,9.21,2.11,21,2024-04-03
1904,Houston,rider_040,6.78,,13,2024-01-30
1905,Houston,rider_012,9.84,0.58,25,2024-03-22
1906,Dallas,rider_034,16.15,1.18,9,2024-02-15
1907,Portland,rider_044,12.33,0.42,16,2024-01-11
1908,Seattle,rider_013,8.68,0.69,10,2024-01-14
1909,Denver,rider_040,11.92,0.46,23,2024-01-11
1910,Seattle,rider_052,20.63,6.03,10,2024-04-19
1911,Austin,rider_010,25.44,7.5,25,2024-01-31
1912,Dallas,rider_009,20.49,3.58,23,2024-04-04
1913,Seattle,rider_004,13.82,0.16,22,2024-02-19
1914,Houston,rider_014,19.83,5.01,22,2024-02-01
1915,Seattle,rider_021,18.02,0.05,3,2024-02-13
1916,Houston,rider_041,8.56,1.77,10,2024-01-19
1917,Dallas,rider_020,9.22,1.7,13,2024-01-28
1918,Portland,rider_035,5.24,1.15,14,2024-01-31
1919,Dallas,rider_049,14.81,1.43,18,2024-01-29
1920,Houston,rider_020,14.5,4.07,25,2024-03-23
1921,Portland,rider_021,8.84,1.59,17,2024-03-10
1922,Denver,rider_001,10.07,2.17,15,2024-04-14
1923,Austin,rider_042,20.86,5.93,17,2024-03-23
1924,Austin,rider_015,13.31,1.63,14,2024-02-11
1925,Portland,rider_047,18.85,4.89,7,2024-04-29
1926,Dallas,rider_059,20.71,1.63,5,2024-01-28
1927,Houston,rider_017,8.51,0.27,22,2024-04-08
1928,Dallas,rider_009,18.04,4.19,13,2024-01-05
1929,Denver,rider_049,14.54,2.22,10,2024-01-25
1930,Denver,rider_048,48.86,0.22,15,2024-01-04
1931,Portland,rider_014,13.44,4.0,12,2024-02-28
1932,Dallas,rider_039,14.82,4.32,20,2024-02-07
1933,Austin,rider_047,16.97,1.04,18,2024-04-10
1934,Dallas,rider_010,40.85,5.05,33,2024-01-26
1935,Seattle,rider_038,11.64,2.1,17,2024-02-04
1936,Austin,rider_020,15.95,3.66,9,2024-03-14
1937,Denver,rider_042,6.11,0.4,3,2024-03-31
1938,Dallas,rider_040,8.78,2.34,38,2024-01-26
1939,Portland,rider_007,21.86,4.25,27,2024-01-14
1940,Austin,rider_036,15.79,2.89,14,2024-01-19
1941,Austin,rider_048,18.16,4.17,23,2024-03-05
1942,Houston,rider_012,15.83,3.46,12,2024-02-10
1943,Portland,rider_007,5.12,1.34,32,2024-01-18
1944,Houston,rider_030,22.11,4.9,10,2024-03-16
1945,Seattle,rider_011,12.93,,11,2024-02-06
1946,Dallas,rider_023,6.69,0.82,21,2024-03-18
1947,Portland,rider_040,26.96,5.07,21,2024-02-26
1948,Austin,rider_009,21.17,2.17,25,2024-01-18
1949,Seattle,rider_004,6.83,1.29,25,2024-02-17
1950,Seattle,rider_014,30.76,7.29,19,2024-03-02
1951,Dallas,rider_012,8.38,0.1,3,2024-01-31
1952,Denver,rider_042,7.99,1.2,13,2024-01-01
1953,Denver,rider_048,10.98,2.48,13,2024-01-23
1954,Houston,rider_053,6.28,0.47,20,2024-03-09
1955,Dallas,rider_040,24.91,4.18,18,2024-02-25
1956,Portland,rider_057,14.59,3.02,21,2024-01-08
1957,Denver,rider_009,6.56,,19,2024-02-15
1958,Austin,rider_035,8.73,0.01,32,2024-02-13
1959,Portland,rider_024,21.18,3.23,21,2024-01-29
1960,Dallas,rider_030,34.62,5.68,21,2024-02-19
1961,Seattle,rider_008,10.82,0.14,13,2024-01-04
1962,Austin,rider_059,7.26,0.79,20,2024-01-08
1963,Austin,rider_036,21.19,2.89,10,2024-03-16
1964,Seattle,rider_019,15.25,1.18,28,2024-04-14
1965,Portland,rider_044,8.39,1.04,18,2024-01-23
1966,Denver,rider_007,11.78,2.68,38,2024-01-22
1967,Dallas,rider_057,18.97,4.68,9,2024-02-15
1968,Houston,rider_022,15.38,2.35,17,2024-01-01
1969,Seattle,rider_028,10.72,0.05,7,2024-01-06
1970,Austin,rider_037,21.91,4.99,10,2024-04-21
1971,Portland,rider_045,13.82,0.79,19,2024-01-18
1972,Portland,rider_033,16.24,3.23,4,2024-04-15
1973,Austin,rider_011,24.52,4.42,13,2024-04-26
1974,Denver,rider_028,7.48,1.81,21,2024-02-28
1975,Seattle,rider_022,23.03,0.71,17,2024-02-03
1976,Dallas,rider_055,5.46,0.65,14,2024-01-01
1977,Houston,rider_038,6.62,1.71,34,2024-04-08
1978,Denver,rider_059,23.47,3.18,12,2024-04-19
1979,Houston,rider_039,22.82,1.26,12,2024-02-09
1980,Dallas,rider_054,18.79,3.33,24,2024-04-07
1981,Denver,rider_047,27.93,7.89,34,2024-02-11
1982,Austin,rider_021,16.34,2.79,9,2024-03-02
1983,Portland,rider_025,11.28,,24,2024-01-26
1984,Seattle,rider_050,19.79,2.02,15,2024-01-19
1985,Dallas,rider_025,10.49,2.33,15,2024-02-24
1986,Houston,rider_030,9.01,1.78,3,2024-01-29
1987,Portland,rider_014,11.73,0.73,15,2024-03-21
1988,Portland,rider_030,13.37,2.77,23,2024-03-10
1989,Portland,rider_041,11.05,1.69,7,2024-03-26
1990,Portland,rider_028,16.75,4.89,21,2024-01-09
1991,Seattle,rider_019,25.74,6.52,25,2024-02-19
1992,Austin,rider_041,23.94,2.99,10,2024-03-25
1993,Portland,rider_017,14.84,4.39,19,2024-03-18
1994,Dallas,rider_016,18.3,,13,2024-01-21
1995,Houston,rider_042,10.95,1.51,23,2024-03-30
1996,Portland,rider_027,9.8,1.17,21,2024-02-01
1997,Denver,rider_019,8.7,0.79,7,2024-03-24
1998,Portland,rider_052,13.38,3.91,29,2024-02-14
1999,Dallas,rider_049,15.94,3.46,23,2024-03-27
2000,Houston,rider_044,16.4,4.26,16,2024-04-14
2001,Houston,rider_052,14.79,2.2,24,2024-03-30
2002,Seattle,rider_029,21.84,1.92,10,2024-03-16
2003,Austin,rider_017,5.59,0.82,17,2024-04-28
2004,Dallas,rider_007,9.64,1.97,17,2024-03-18
2005,Houston,rider_017,16.22,0.09,30,2024-03-05
2006,Dallas,rider_022,27.96,0.75,6,2024-01-15
2007,Austin,rider_050,21.68,5.91,10,2024-03-30
2008,Austin,rider_020,26.17,1.63,22,2024-03-10
2009,Denver,rider_039,13.98,0.4,7,2024-04-03
2010,Austin,rider_026,4.36,0.33,8,2024-04-29
2011,Seattle,rider_009,16.97,2.51,12,2024-03-14
2012,Denver,rider_056,13.85,3.81,22,2024-03-22
2013,Portland,rider_004,15.36,3.73,28,2024-04-16
2014,Denver,rider_031,6.59,0.71,12,2024-01-12
2015,Denver,rider_037,6.72,1.45,44,2024-04-23
2016,Denver,rider_037,12.82,,18,2024-03-27
2017,Houston,rider_039,36.65,7.89,12,2024-03-11
2018,Dallas,rider_003,12.82,1.08,26,2024-04-12
2019,Dallas,rider_015,14.52,2.44,18,2024-03-29
2020,Dallas,rider_033,9.99,1.9,23,2024-02-08
2021,Seattle,rider_027,29.69,3.24,4,2024-02-09
2022,Austin,rider_014,27.96,8.19,31,2024-01-26
2023,Seattle,rider_045,24.95,3.83,27,2024-03-19
2024,Portland,rider_011,9.05,2.11,31,2024-02-01
2025,Dallas,rider_048,14.87,2.35,28,2024-04-11
2026,Seattle,rider_053,13.23,0.54,24,2024-03-03
2027,Denver,rider_021,17.2,,15,2024-03-31
2028,Denver,rider_011,10.36,0.96,12,2024-02-13
2029,Houston,rider_024,6.55,0.35,18,2024-03-08
2030,Austin,rider_015,12.0,1.11,19,2024-04-10
2031,Houston,rider_047,36.44,5.03,22,2024-02-06
2032,Houston,rider_016,16.15,2.06,3,2024-03-22
2033,Dallas,rider_010,9.73,1.24,23,2024-03-05
2034,Portland,rider_034,8.75,2.03,9,2024-04-10
2035,Portland,rider_056,16.01,2.74,11,2024-01-21
2036,Houston,rider_019,7.8,1.93,17,2024-04-04
2037,Dallas,rider_020,23.69,1.56,7,2024-03-28
2038,Houston,rider_039,11.75,2.89,15,2024-01-30
2039,Portland,rider_052,12.53,,11,2024-01-18
2040,Houston,rider_040,12.05,3.33,15,2024-03-17
2041,Seattle,rider_029,24.1,4.51,15,2024-02-09
2042,Seattle,rider_035,23.71,3.14,16,2024-04-14
2043,Portland,rider_027,8.38,0.67,11,2024-04-30
2044,Seattle,rider_049,13.66,2.13,19,2024-03-10
2045,Dallas,rider_047,28.6,6.79,22,2024-04-24
2046,Denver,rider_024,26.09,0.1,6,2024-01-21
2047,Austin,rider_017,30.83,2.55,14,2024-02-29
2048,Dallas,rider_034,9.42,0.21,31,2024-04-01
2049,Austin,rider_011,23.05,6.76,19,2024-01-15
2050,Austin,rider_057,16.11,2.82,15,2024-04-02
2051,Dallas,rider_006,27.27,4.97,19,2024-02-25
2052,Seattle,rider_013,19.93,1.84,17,2024-04-04
2053,Seattle,rider_053,17.5,2.93,17,2024-03-25
2054,Dallas,rider_007,30.43,2.76,18,2024-01-21
2055,Houston,rider_049,26.91,4.87,3,2024-03-31
2056,Austin,rider_036,14.5,3.28,22,2024-04-10
2057,Dallas,rider_042,8.61,1.65,22,2024-04-08
2058,Seattle,rider_051,9.84,1.73,23,2024-04-06
2059,Houston,rider_023,18.61,0.14,16,2024-03-06
2060,Dallas,rider_052,9.88,0.41,20,2024-04-19
2061,Portland,rider_024,16.18,3.72,13,2024-02-16
2062,Austin,rider_021,29.13,,16,2024-03-04
2063,Portland,rider_011,12.07,2.63,17,2024-03-11
2064,Dallas,rider_011,4.93,1.42,22,2024-01-19
2065,Houston,rider_009,25.56,3.97,26,2024-03-13
2066,Seattle,rider_036,25.32,6.08,12,2024-01-01
2067,Seattle,rider_008,6.92,1.55,29,2024-01-15
2068,Dallas,rider_033,28.53,4.37,3,2024-02-16
2069,Seattle,rider_040,11.34,1.55,20,2024-02-13
2070,Austin,rider_028,11.86,0.58,14,2024-03-06
2071,Houston,rider_016,9.73,2.87,12,2024-03-01
2072,Houston,rider_012,14.41,0.6,27,2024-04-04
2073,Dallas,rider_040,11.47,0.97,10,2024-03-12
2074,Austin,rider_056,11.27,2.46,33,2024-04-14
2075,Houston,rider_029,25.19,4.53,5,2024-03-29
2076,Seattle,rider_035,20.41,2.28,29,2024-03-27
2077,Austin,rider_037,12.01,0.02,20,2024-01-22
2078,Denver,rider_041,22.05,5.73,16,2024-02-11
2079,Portland,rider_001,10.57,2.55,20,2024-03-28
2080,Dallas,rider_033,14.46,,9,2024-01-23
2081,Portland,rider_009,6.87,1.96,10,2024-03-18
2082,Portland,rider_056,5.45,1.34,20,2024-04-23
2083,Houston,rider_026,28.35,6.98,8,2024-04-12
2084,Houston,rider_034,21.14,5.92,16,2024-02-09
2085,Houston,rider_018,13.74,1.3,29,2024-04-03
2086,Portland,rider_037,6.07,1.81,23,2024-01-19
2087,Dallas,rider_034,18.87,1.2,11,2024-02-10
2088,Houston,rider_042,7.0,1.75,9,2024-04-27
2089,Austin,rider_012,23.43,5.89,3,2024-04-16
2090,Dallas,rider_037,9.74,0.42,18,2024-03-16
2091,Dallas,rider_001,28.15,1.77,3,2024-02-05
2092,Denver,rider_053,35.04,1.59,19,2024-01-23
2093,Denver,rider_038,14.08,2.29,24,2024-03-03
2094,Seattle,rider_047,9.18,2.31,24,2024-03-04
2095,Portland,rider_021,6.62,1.64,32,2024-01-20
2096,Houston,rider_014,24.74,7.26,22,2024-01-16
2097,Houston,rider_003,18.83,3.59,26,2024-04-01
2098,Portland,rider_057,12.87,2.58,6,2024-03-17
2099,Austin,rider_031,10.72,3.18,13,2024-01-05
2100,Seattle,rider_002,20.46,4.07,22,2024-04-24
2101,Austin,rider_018,6.6,0.33,15,2024-01-18
2102,Austin,rider_036,23.69,2.41,30,2024-04-02
2103,Seattle,rider_006,16.22,3.47,3,2024-03-14
2104,Seattle,rider_057,19.73,3.74,21,2024-03-06
2105,Austin,rider_009,10.89,1.02,27,2024-01-13
2106,Houston,rider_026,28.36,,5,2024-01-28
2107,Dallas,rider_041,19.88,,25,2024-04-30
2108,Denver,rider_050,8.02,1.07,12,2024-03-08
2109,Seattle,rider_058,8.33,1.67,7,2024-01-20
2110,Seattle,rider_031,6.46,1.69,14,2024-02-05
2111,Denver,rider_052,12.37,1.91,17,2024-03-24
2112,Austin,rider_041,15.33,3.74,24,2024-02-17
2113,Dallas,rider_020,6.93,2.03,29,2024-04-03
2114,Portland,rider_035,20.87,2.7,3,2024-03-20
2115,Austin,rider_010,20.92,1.22,20,2024-02-12
2116,Portland,rider_046,6.59,1.89,34,2024-01-06
2117,Denver,rider_022,17.63,3.53,20,2024-04-01
2118,Dallas,rider_015,15.22,3.59,26,2024-04-16
2119,Houston,rider_049,17.1,3.47,47,2024-04-21
2120,Austin,rider_034,8.66,,3,2024-02-27
2121,Dallas,rider_041,17.94,0.57,15,2024-01-23
2122,Dallas,rider_035,13.21,3.58,18,2024-04-09
2123,Seattle,rider_005,8.16,0.69,16,2024-03-29
2124,Denver,rider_009,8.92,1.45,4,2024-02-21
2125,Seattle,rider_022,13.17,2.89,14,2024-02-29
2126,Portland,rider_048,9.05,2.21,3,2024-01-16
2127,Denver,rider_009,19.3,0.9,19,2024-03-22
2128,Dallas,rider_049,10.79,1.03,26,2024-01-25
2129,Denver,rider_034,22.28,4.06,10,2024-02-15
2130,Houston,rider_015,3.91,0.14,26,2024-02-04
2131,Austin,rider_034,31.24,8.29,6,2024-04-30
2132,Dallas,rider_048,11.76,2.73,19,2024-02-12
2133,Portland,rider_034,7.81,1.34,22,2024-03-04
2134,Houston,rider_008,26.45,1.31,14,2024-01-23
2135,Seattle,rider_037,17.48,1.87,15,2024-02-06
2136,Houston,rider_044,17.79,0.18,18,2024-01-22
2137,Houston,rider_000,18.23,1.26,3,2024-03-04
2138,Seattle,rider_035,10.02,1.72,21,2024-02-06
2139,Portland,rider_019,34.91,2.13,17,2024-02-08
2140,Seattle,rider_058,8.51,1.43,14,2024-03-16
2141,Dallas,rider_059,15.43,2.02,43,2024-04-08
2142,Portland,rider_013,22.88,,7,2024-02-08
2143,Seattle,rider_053,36.17,,14,2024-02-22
2144,Seattle,rider_043,20.01,2.87,19,2024-04-29
2145,Dallas,rider_005,9.31,1.47,12,2024-04-20
2146,Denver,rider_020,12.64,0.49,18,2024-02-09
2147,Seattle,rider_003,10.23,2.73,27,2024-01-04
2148,Houston,rider_045,21.36,6.19,20,2024-03-15
2149,Portland,rider_014,36.99,8.68,35,2024-03-25
2150,Dallas,rider_013,13.77,2.75,12,2024-04-08
2151,Austin,rider_029,10.43,1.63,20,2024-02-17
2152,Dallas,rider_058,6.5,0.6,17,2024-04-26
2153,Seattle,rider_053,29.0,5.1,16,2024-04-28
2154,Denver,rider_008,20.63,0.7,27,2024-03-05
2155,Denver,rider_002,9.21,2.24,25,2024-02-20
2156,Denver,rider_034,45.06,11.67,14,2024-04-07
2157,Portland,rider_037,10.0,0.42,21,2024-04-23
2158,Houston,rider_034,11.27,0.46,18,2024-02-03
2159,Denver,rider_058,10.79,,21,2024-04-12
2160,Houston,rider_025,12.27,3.55,4,2024-04-30
2161,Seattle,rider_004,11.51,2.49,29,2024-03-12
2162,Dallas,rider_023,6.55,0.42,3,2024-04-15
2163,Portland,rider_053,16.78,4.24,11,2024-04-15
2164,Austin,rider_055,11.08,2.57,6,2024-02-05
2165,Seattle,rider_047,8.68,0.5,14,2024-04-21
2166,Portland,rider_054,10.35,2.51,18,2024-04-13
2167,Denver,rider_029,8.37,1.06,25,2024-04-22
2168,Houston,rider_004,14.87,3.88,27,2024-03-11
2169,Houston,rider_024,31.28,4.82,18,2024-03-08
2170,Dallas,rider_013,11.94,1.09,30,2024-04-05
2171,Seattle,rider_053,11.5,3.25,5,2024-01-14
2172,Houston,rider_053,9.52,2.5,15,2024-03-09
2173,Portland,rider_051,8.53,0.82,3,2024-01-25
2174,Denver,rider_014,23.52,2.14,10,2024-04-18
2175,Houston,rider_058,11.94,1.21,22,2024-04-19
2176,Houston,rider_023,10.44,0.51,12,2024-03-23
2177,Denver,rider_025,9.9,1.47,22,2024-04-03
2178,Dallas,rider_058,9.29,1.36,16,2024-03-03
2179,Portland,rider_054,20.45,3.66,34,2024-04-23
2180,Denver,rider_012,25.03,5.87,21,2024-01-04
2181,Seattle,rider_016,8.43,0.3,23,2024-03-12
2182,Houston,rider_049,10.77,0.76,29,2024-04-19
2183,Houston,rider_017,25.76,4.03,23,2024-03-25
2184,Austin,rider_010,16.81,3.63,22,2024-03-15
2185,Seattle,rider_047,11.33,0.22,27,2024-03-04
2186,Houston,rider_015,8.43,1.62,9,2024-02-04
2187,Austin,rider_015,19.94,2.57,5,2024-04-11
2188,Denver,rider_058,29.9,,15,2024-03-25
2189,Houston,rider_041,6.75,1.1,11,2024-01-14
2190,Houston,rider_059,25.98,4.81,36,2024-01-29
2191,Portland,rider_019,27.22,0.17,9,2024-02-28
2192,Austin,rider_032,13.26,0.14,31,2024-01-26
2193,Dallas,rider_049,22.95,2.92,3,2024-01-26
2194,Denver,rider_031,7.26,0.68,9,2024-01-23
2195,Dallas,rider_030,6.99,1.54,10,2024-01-24
2196,Seattle,rider_018,7.15,0.2,16,2024-01-06
2197,Seattle,rider_034,14.08,1.22,34,2024-01-23
2198,Seattle,rider_048,16.23,,17,2024-02-16
2199,Houston,rider_034,12.09,0.2,3,2024-01-17
2200,Austin,rider_059,14.69,3.16,15,2024-04-13
2201,Austin,rider_051,10.91,2.02,14,2024-04-11
2202,Seattle,rider_059,9.7,,16,2024-04-17
2203,Dallas,rider_047,8.99,,18,2024-04-29
2204,Dallas,rider_029,16.39,2.04,17,2024-02-03
2205,Dallas,rider_051,8.31,0.2,39,2024-01-12
2206,Austin,rider_027,20.12,1.59,25,2024-04-13
2207,Seattle,rider_015,6.91,1.91,11,2024-03-01
2208,Austin,rider_057,27.97,5.76,31,2024-04-18
2209,Portland,rider_055,19.57,2.07,18,2024-03-14
2210,Austin,rider_029,9.74,0.48,6,2024-01-04
2211,Austin,rider_026,16.57,4.83,22,2024-04-02
2212,Houston,rider_052,37.9,10.19,18,2024-03-26
2213,Seattle,rider_035,9.52,2.53,23,2024-01-04
2214,Austin,rider_012,5.61,0.16,22,2024-04-16
2215,Portland,rider_037,14.73,1.92,14,2024-03-20
2216,Denver,rider_025,9.15,0.56,18,2024-01-28
2217,Dallas,rider_012,26.98,4.04,34,2024-01-17
2218,Denver,rider_005,5.51,1.65,9,2024-01-22
2219,Dallas,rider_039,10.86,,19,2024-02-16
2220,Denver,rider_014,8.64,2.3,7,2024-04-28
2221,Denver,rider_026,12.86,0.86,3,2024-02-23
2222,Portland,rider_025,9.54,,15,2024-02-15
2223,Austin,rider_023,12.1,3.16,3,2024-02-15
2224,Portland,rider_023,11.3,2.95,29,2024-04-21
2225,Portland,rider_019,10.12,0.67,24,2024-03-24
2226,Dallas,rider_046,11.5,0.42,15,2024-01-15
2227,Portland,rider_058,13.46,0.68,22,2024-03-11
2228,Denver,rider_036,6.96,1.4,6,2024-01-30
2229,Austin,rider_059,14.64,3.04,22,2024-01-18
2230,Houston,rider_029,15.6,4.67,27,2024-04-11
2231,Denver,rider_013,8.12,1.99,19,2024-01-07
2232,Portland,rider_030,9.86,0.86,24,2024-04-02
2233,Austin,rider_007,23.29,5.28,18,2024-04-24
2234,Denver,rider_014,5.85,0.74,33,2024-01-17
2235,Dallas,rider_016,12.42,1.43,10,2024-02-14
2236,Austin,rider_035,26.27,3.04,16,2024-03-28
2237,Denver,rider_027,8.74,0.3,25,2024-03-18
2238,Dallas,rider_026,14.54,2.87,23,2024-01-20
2239,Houston,rider_041,26.21,0.25,7,2024-03-23
2240,Portland,rider_013,32.91,9.8,25,2024-01-03
2241,Dallas,rider_006,15.6,3.8,12,2024-03-18
2242,Houston,rider_017,16.79,4.67,19,2024-04-14
2243,Dallas,rider_034,7.39,0.47,10,2024-04-02
2244,Austin,rider_046,21.6,2.86,18,2024-01-15
2245,Houston,rider_006,12.56,1.86,18,2024-02-26
2246,Houston,rider_032,5.89,0.08,30,2024-02-06
2247,Austin,rider_042,27.81,4.55,20,2024-03-26
2248,Denver,rider_019,21.99,3.99,19,2024-03-27
2249,Austin,rider_007,13.41,3.11,25,2024-03-29
2250,Seattle,rider_032,19.02,0.08,16,2024-04-24
2251,Denver,rider_025,23.58,6.87,22,2024-02-14
2252,Denver,rider_042,12.84,0.89,20,2024-04-12
2253,Austin,rider_017,9.47,2.58,22,2024-03-22
2254,Portland,rider_034,25.7,5.62,26,2024-04-04
2255,Denver,rider_022,7.95,1.19,16,2024-04-07
2256,Houston,rider_009,16.39,2.38,18,2024-03-10
2257,Austin,rider_043,49.3,14.78,19,2024-02-05
2258,Austin,rider_032,8.06,1.58,23,2024-02-09
2259,Houston,rider_056,6.26,1.25,31,2024-01-14
2260,Austin,rider_002,11.11,1.2,10,2024-03-08
2261,Houston,rider_010,12.4,1.92,29,2024-03-12
2262,Houston,rider_036,3.47,0.49,25,2024-02-11
2263,Portland,rider_059,16.2,3.13,20,2024-02-11
2264,Denver,rider_016,5.83,0.49,33,2024-04-01
2265,Houston,rider_023,18.92,3.52,27,2024-02-26
2266,Austin,rider_003,9.25,0.2,11,2024-03-11
2267,Denver,rider_012,15.42,2.85,13,2024-04-25
2268,Dallas,rider_044,8.21,1.55,17,2024-02-24
2269,Houston,rider_024,10.46,1.27,19,2024-04-20
2270,Portland,rider_049,12.58,1.74,12,2024-03-19
2271,Seattle,rider_019,9.07,2.07,11,2024-01-16
2272,Portland,rider_056,17.56,3.02,22,2024-02-09
2273,Austin,rider_034,8.94,1.99,19,2024-04-26
2274,Dallas,rider_012,13.44,0.54,13,2024-03-07
2275,Seattle,rider_044,22.92,6.69,24,2024-02-28
2276,Denver,rider_001,22.83,5.52,29,2024-03-11
2277,Portland,rider_030,5.77,1.41,26,2024-01-26
2278,Portland,rider_050,26.47,4.22,19,2024-04-29
2279,Austin,rider_015,9.93,2.02,35,2024-03-25
2280,Austin,rider_025,18.38,4.56,3,2024-02-27
2281,Seattle,rider_022,8.9,0.75,15,2024-03-20
2282,Seattle,rider_026,24.42,6.37,19,2024-02-21
2283,Denver,rider_046,10.01,0.77,20,2024-02-05
2284,Seattle,rider_018,16.34,0.9,27,2024-02-25
2285,Portland,rider_051,4.62,1.02,21,2024-04-13
2286,Dallas,rider_052,23.23,,20,2024-02-03
2287,Austin,rider_043,21.24,5.91,16,2024-01-15
2288,Portland,rider_040,9.94,2.41,27,2024-02-01
2289,Seattle,rider_035,28.04,6.4,13,2024-03-16
2290,Austin,rider_033,7.13,1.18,38,2024-03-19
2291,Austin,rider_004,23.39,5.15,21,2024-02-09
2292,Portland,rider_059,32.05,4.59,10,2024-01-21
2293,Seattle,rider_052,2.98,0.1,21,2024-01-26
2294,Austin,rider_033,10.06,,25,2024-01-20
2295,Dallas,rider_037,34.63,2.2,29,2024-03-08
2296,Dallas,rider_017,25.4,6.36,20,2024-02-15
2297,Dallas,rider_020,14.71,1.12,34,2024-04-08
2298,Houston,rider_019,12.43,2.73,20,2024-01-25
2299,Portland,rider_033,9.3,0.96,3,2024-01-21
2300,Dallas,rider_040,27.1,0.98,22,2024-01-13
2301,Seattle,rider_019,15.47,4.35,13,2024-02-09
2302,Houston,rider_033,18.18,1.01,33,2024-04-22
2303,Houston,rider_048,11.53,3.46,3,2024-03-24
2304,Seattle,rider_058,18.51,3.92,8,2024-03-12
2305,Houston,rider_011,18.72,3.62,20,2024-01-08
2306,Denver,rider_008,9.84,2.78,15,2024-04-08
2307,Dallas,rider_043,18.27,0.27,20,2024-03-29
2308,Austin,rider_002,15.63,0.93,10,2024-02-07
2309,Dallas,rider_028,24.55,6.0,7,2024-03-03
2310,Houston,rider_040,22.45,6.71,11,2024-01-18
2311,Seattle,rider_029,17.35,0.21,13,2024-04-07
2312,Houston,rider_033,25.15,7.0,3,2024-02-17
2313,Dallas,rider_029,14.23,2.8,17,2024-04-27
2314,Austin,rider_053,15.5,1.23,27,2024-01-04
2315,Portland,rider_037,12.13,0.02,15,2024-03-14
2316,Seattle,rider_011,12.31,1.38,12,2024-01-24
2317,Portland,rider_031,12.91,0.93,6,2024-04-23
2318,Denver,rider_032,21.95,,25,2024-01-06
2319,Seattle,rider_037,19.49,1.35,6,2024-02-11
2320,Dallas,rider_059,34.25,4.19,18,2024-03-11
2321,Austin,rider_039,13.77,1.39,15,2024-04-23
2322,Dallas,rider_059,35.09,9.67,20,2024-03-24
2323,Seattle,rider_046,9.62,2.02,27,2024-02-08
2324,Austin,rider_020,12.17,2.92,25,2024-01-01
2325,Austin,rider_005,12.84,0.3,26,2024-01-06
2326,Seattle,rider_016,7.88,2.14,7,2024-03-22
2327,Austin,rider_010,16.66,1.27,13,2024-02-21
2328,Denver,rider_034,10.93,2.85,12,2024-04-27
2329,Austin,rider_059,10.3,1.41,3,2024-02-23
2330,Portland,rider_008,10.84,1.19,20,2024-01-14
2331,Denver,rider_005,13.63,1.54,25,2024-03-28
2332,Houston,rider_051,13.01,0.76,36,2024-04-30
2333,Seattle,rider_032,7.95,,27,2024-04-25
2334,Portland,rider_026,13.47,3.4,11,2024-01-23
2335,Portland,rider_056,23.38,2.94,27,2024-04-15
2336,Houston,rider_015,7.07,1.43,10,2024-04-08
2337,Houston,rider_005,11.16,3.33,22,2024-04-16
2338,Portland,rider_044,7.31,1.71,24,2024-03-26
2339,Austin,rider_023,11.4,,28,2024-01-18
2340,Austin,rider_032,25.02,5.93,14,2024-02-02
2341,Denver,rider_006,14.54,,17,2024-03-06
2342,Seattle,rider_038,19.0,1.79,17,2024-04-07
2343,Seattle,rider_027,11.2,2.08,12,2024-02-15
2344,Denver,rider_021,34.39,7.52,24,2024-03-27
2345,Seattle,rider_016,13.95,4.07,22,2024-04-19
2346,Denver,rider_031,9.38,1.41,30,2024-01-18
2347,Portland,rider_028,6.52,0.8,19,2024-01-27
2348,Dallas,rider_021,18.31,0.01,22,2024-04-07
2349,Austin,rider_025,19.97,1.99,14,2024-04-23
2350,Portland,rider_051,25.56,7.59,33,2024-03-28
2351,Houston,rider_056,11.97,1.74,23,2024-04-07
2352,Denver,rider_009,7.15,1.49,34,2024-02-24
2353,Houston,rider_044,16.89,1.83,34,2024-03-31
2354,Portland,rider_031,9.21,0.07,9,2024-04-18
2355,Denver,rider_040,8.18,2.0,42,2024-03-20
2356,Portland,rider_055,12.1,2.46,14,2024-03-13
2357,Austin,rider_047,18.46,3.62,22,2024-03-23
2358,Denver,rider_041,18.64,1.82,13,2024-01-07
2359,Denver,rider_051,9.48,1.15,17,2024-03-22
2360,Houston,rider_026,20.35,2.17,7,2024-04-10
2361,Austin,rider_030,14.9,2.48,18,2024-03-11
2362,Seattle,rider_010,7.58,0.21,26,2024-04-29
2363,Denver,rider_009,12.39,2.44,23,2024-01-15
2364,Austin,rider_054,12.19,0.91,3,2024-04-02
2365,Portland,rider_007,16.65,,18,2024-01-09
2366,Portland,rider_049,26.96,3.18,8,2024-02-03
2367,Austin,rider_014,10.02,2.08,19,2024-04-17
2368,Seattle,rider_001,20.46,5.81,15,2024-04-17
2369,Dallas,rider_039,9.19,1.83,14,2024-02-10
2370,Portland,rider_026,9.56,1.84,16,2024-03-09
2371,Portland,rider_031,6.2,1.44,34,2024-04-28
2372,Portland,rider_047,18.53,4.75,6,2024-01-09
2373,Seattle,rider_038,15.28,2.93,13,2024-04-03
2374,Portland,rider_014,25.17,3.22,3,2024-03-27
2375,Seattle,rider_014,9.56,,21,2024-04-19
2376,Austin,rider_019,13.97,3.8,11,2024-04-03
2377,Seattle,rider_044,20.98,3.8,25,2024-03-13
2378,Austin,rider_054,5.86,,34,2024-04-23
2379,Seattle,rider_029,9.56,2.7,3,2024-04-23
2380,Seattle,rider_038,8.46,1.55,9,2024-01-14
2381,Portland,rider_031,14.77,3.27,12,2024-02-28
2382,Seattle,rider_010,12.9,0.73,17,2024-02-29
2383,Dallas,rider_008,24.89,1.59,18,2024-01-16
2384,Dallas,rider_004,17.56,5.1,9,2024-04-10
2385,Denver,rider_008,10.51,0.27,13,2024-02-06
2386,Dallas,rider_040,13.34,2.87,12,2024-04-10
2387,Dallas,rider_000,34.9,3.08,8,2024-04-18
2388,Dallas,rider_058,8.64,2.42,5,2024-03-18
2389,Denver,rider_032,24.39,3.12,6,2024-03-19
2390,Austin,rider_024,9.85,0.23,22,2024-04-15
2391,Austin,rider_039,14.23,2.87,14,2024-01-18
2392,Seattle,rider_011,8.37,1.68,18,2024-02-24
2393,Austin,rider_047,17.73,0.76,23,2024-02-21
2394,Seattle,rider_056,4.83,0.68,13,2024-03-05
2395,Houston,rider_054,15.27,0.41,19,2024-02-05
2396,Portland,rider_003,11.28,,8,2024-02-17
2397,Seattle,rider_016,14.14,3.81,9,2024-02-10
2398,Seattle,rider_026,9.91,0.42,26,2024-02-21
2399,Seattle,rider_048,28.72,6.24,23,2024-01-04
2400,Denver,rider_007,11.2,0.3,16,2024-01-23
2401,Dallas,rider_038,8.84,2.31,30,2024-03-30
2402,Seattle,rider_018,10.91,3.12,11,2024-02-15
2403,Portland,rider_054,43.06,11.93,14,2024-01-21
2404,Seattle,rider_005,27.29,1.4,29,2024-04-08
2405,Dallas,rider_045,12.8,0.19,14,2024-03-05
2406,Denver,rider_009,18.69,4.85,29,2024-02-05
2407,Austin,rider_030,9.24,0.81,20,2024-04-28
2408,Portland,rider_008,15.26,3.36,3,2024-02-27
2409,Dallas,rider_039,16.21,0.66,19,2024-01-09
2410,Dallas,rider_022,6.88,1.18,5,2024-03-01
2411,Portland,rider_047,26.12,3.18,15,2024-01-30
2412,Dallas,rider_001,9.57,2.85,10,2024-01-11
2413,Seattle,rider_008,13.99,0.19,21,2024-01-04
2414,Seattle,rider_007,31.65,3.88,25,2024-01-07
2415,Seattle,rider_046,7.78,1.64,14,2024-03-06
2416,Dallas,rider_023,23.65,0.86,17,2024-03-04
2417,Portland,rider_015,17.4,4.41,16,2024-02-28
2418,Seattle,rider_028,11.17,1.54,7,2024-01-20
2419,Dallas,rider_030,25.29,,12,2024-03-16
2420,Houston,rider_027,9.37,0.5,3,2024-04-12
2421,Austin,rider_015,16.36,1.69,10,2024-01-14
2422,Seattle,rider_039,25.78,,15,2024-03-28
2423,Denver,rider_013,4.34,0.72,19,2024-02-20
2424,Seattle,rider_008,14.65,2.22,28,2024-03-08
2425,Houston,rider_013,18.69,4.99,32,2024-01-28
2426,Dallas,rider_014,7.17,1.88,37,2024-04-19
2427,Portland,rider_042,11.61,2.7,16,2024-02-23
2428,Austin,rider_057,8.06,1.24,9,2024-02-11
2429,Austin,rider_042,23.55,3.74,20,2024-03-23
2430,Portland,rider_058,7.7,1.06,19,2024-03-28
2431,Denver,rider_037,20.42,0.69,29,2024-04-28
2432,Denver,rider_041,23.25,5.25,4,2024-03-01
2433,Houston,rider_004,22.88,0.2,20,2024-04-01
2434,Dallas,rider_030,13.43,0.95,18,2024-04-27
2435,Denver,rider_046,17.43,4.44,29,2024-04-13
2436,Seattle,rider_057,46.53,11.85,19,2024-02-14
2437,Houston,rider_040,40.22,9.87,13,2024-04-24
2438,Portland,rider_035,4.49,0.09,13,2024-01-13
2439,Denver,rider_002,17.78,3.06,7,2024-04-13
2440,Seattle,rider_056,16.36,0.87,23,2024-01-10
2441,Austin,rider_051,5.58,1.26,3,2024-04-05
2442,Dallas,rider_003,25.16,6.93,15,2024-03-27
2443,Seattle,rider_051,29.79,0.48,6,2024-01-10
2444,Portland,rider_048,14.11,3.33,8,2024-01-10
2445,Austin,rider_044,12.03,,10,2024-01-11
2446,Dallas,rider_059,14.64,3.23,23,2024-03-22
2447,Seattle,rider_039,22.12,3.7,25,2024-01-24
2448,Austin,rider_057,16.56,0.61,18,2024-04-14
2449,Denver,rider_040,8.25,,16,2024-01-05
2450,Houston,rider_015,6.65,,3,2024-03-22
2451,Houston,rider_029,22.76,,13,2024-03-31
2452,Houston,rider_034,12.52,2.99,23,2024-03-23
2453,Austin,rider_039,19.16,0.53,14,2024-01-21
2454,Denver,rider_008,14.95,0.25,24,2024-01-28
2455,Houston,rider_055,16.21,1.82,19,2024-03-04
2456,Austin,rider_059,9.17,1.36,12,2024-03-28
2457,Denver,rider_053,16.31,1.15,24,2024-02-19
2458,Portland,rider_030,7.38,0.04,22,2024-01-09
2459,Portland,rider_010,17.61,4.8,37,2024-01-11
2460,Dallas,rider_055,12.45,3.72,13,2024-04-10
2461,Portland,rider_038,7.81,0.01,24,2024-03-07
2462,Seattle,rider_031,27.56,,17,2024-03-16
2463,Portland,rider_020,17.42,0.45,3,2024-01-04
2464,Portland,rider_053,8.91,1.21,19,2024-02-06
2465,Dallas,rider_026,14.46,2.92,31,2024-01-29
2466,Dallas,rider_005,13.98,0.41,16,2024-01-25
2467,Austin,rider_012,21.15,0.79,23,2024-02-09
2468,Portland,rider_033,32.04,7.44,7,2024-01-26
2469,Portland,rider_035,38.12,5.55,23,2024-02-07
2470,Denver,rider_002,15.99,4.32,24,2024-03-19
2471,Houston,rider_047,21.11,4.82,24,2024-01-23
2472,Austin,rider_031,21.71,2.6,14,2024-02-07
2473,Houston,rider_057,8.57,0.09,16,2024-02-08
2474,Denver,rider_034,5.09,0.92,28,2024-01-19
2475,Seattle,rider_000,6.29,1.87,20,2024-03-30
2476,Austin,rider_043,7.5,1.62,20,2024-03-11
2477,Denver,rider_054,11.06,3.31,34,2024-01-09
2478,Houston,rider_026,24.85,4.49,8,2024-04-27
2479,Denver,rider_047,16.07,0.18,20,2024-04-07
2480,Dallas,rider_004,19.33,3.82,27,2024-03-01
2481,Denver,rider_056,25.04,3.51,15,2024-04-29
2482,Houston,rider_048,10.92,1.69,17,2024-03-16
2483,Denver,rider_024,24.3,3.68,6,2024-04-16
2484,Denver,rider_054,6.2,1.83,10,2024-01-11
2485,Austin,rider_005,12.05,,17,2024-02-14
2486,Seattle,rider_020,19.99,5.16,15,2024-03-11
2487,Denver,rider_018,8.8,1.58,24,2024-01-25
2488,Seattle,rider_029,13.09,3.7,10,2024-03-24
2489,Austin,rider_010,20.86,4.06,20,2024-01-20
2490,Seattle,rider_001,6.94,,3,2024-03-21
2491,Seattle,rider_006,9.67,1.11,40,2024-04-08
2492,Houston,rider_007,11.15,1.31,22,2024-01-24
2493,Denver,rider_013,8.47,2.41,31,2024-03-18
2494,Seattle,rider_046,11.25,0.19,10,2024-03-02
2495,Seattle,rider_033,13.88,,18,2024-01-10
2496,Austin,rider_047,18.83,3.97,9,2024-03-22
2497,Dallas,rider_028,10.67,3.08,24,2024-03-09
2498,Dallas,rider_000,11.47,0.13,3,2024-01-29
2499,Seattle,rider_018,8.7,1.21,10,2024-01-12
2500,Dallas,rider_053,7.53,1.08,18,2024-04-08
2501,Portland,rider_054,16.38,2.76,16,2024-04-29
2502,Houston,rider_011,27.44,7.46,24,2024-02-04
2503,Portland,rider_012,24.37,4.46,13,2024-01-15
2504,Portland,rider_024,15.68,0.49,25,2024-03-01
2505,Seattle,rider_034,14.27,0.25,22,2024-04-14
2506,Denver,rider_027,20.78,2.76,17,2024-01-27
2507,Austin,rider_050,16.43,1.6,30,2024-03-13
2508,Seattle,rider_021,7.77,1.56,9,2024-01-22
2509,Austin,rider_011,14.23,0.8,17,2024-04-17
2510,Denver,rider_011,9.44,0.9,16,2024-03-16
2511,Austin,rider_010,18.66,5.23,23,2024-02-20
2512,Houston,rider_020,16.2,1.58,19,2024-03-21
2513,Seattle,rider_021,38.19,0.7,14,2024-03-10
2514,Austin,rider_036,10.71,0.73,20,2024-04-20
2515,Austin,rider_017,15.46,4.18,20,2024-04-11
2516,Dallas,rider_035,23.4,2.25,21,2024-04-20
2517,Portland,rider_020,6.85,1.57,26,2024-02-27
2518,Austin,rider_051,8.98,0.48,27,2024-01-15
2519,Denver,rider_045,9.2,0.75,10,2024-01-16
2520,Portland,rider_037,18.32,,17,2024-02-15
2521,Portland,rider_014,27.53,3.01,29,2024-02-28
2522,Austin,rider_046,6.96,0.23,15,2024-03-05
2523,Dallas,rider_050,13.05,,23,2024-03-04
2524,Houston,rider_007,23.39,5.87,12,2024-02-06
2525,Houston,rider_039,7.36,0.97,25,2024-04-27
2526,Seattle,rider_000,8.28,0.55,21,2024-01-07
2527,Portland,rider_028,13.57,3.33,26,2024-04-08
2528,Denver,rider_040,14.62,4.19,33,2024-03-26
2529,Denver,rider_006,16.54,3.54,8,2024-01-18
2530,Austin,rider_056,13.19,0.03,12,2024-04-29
2531,Houston,rider_008,8.43,0.11,15,2024-01-02
2532,Austin,rider_027,17.77,4.2,11,2024-02-07
2533,Austin,rider_041,17.33,4.13,3,2024-02-23
2534,Seattle,rider_054,30.31,2.12,13,2024-04-24
2535,Seattle,rider_024,12.26,,26,2024-03-03
2536,Denver,rider_018,11.52,,32,2024-02-21
2537,Denver,rider_046,6.95,0.33,6,2024-02-05
2538,Seattle,rider_050,14.21,1.17,11,2024-01-31
2539,Portland,rider_057,15.75,3.25,9,2024-02-01
2540,Houston,rider_016,17.59,3.22,17,2024-01-10
2541,Portland,rider_036,23.2,5.74,14,2024-04-18
2542,Houston,rider_004,6.02,0.6,13,2024-01-03
2543,Houston,rider_034,15.24,1.09,12,2024-04-28
2544,Denver,rider_053,13.64,0.83,16,2024-04-28
2545,Portland,rider_043,9.22,0.71,21,2024-01-05
2546,Dallas,rider_048,17.73,2.27,21,2024-03-04
2547,Dallas,rider_015,71.76,12.5,26,2024-01-01
2548,Denver,rider_027,10.85,3.16,30,2024-02-19
2549,Houston,rider_051,13.44,2.1,11,2024-02-26
2550,Portland,rider_023,9.74,0.48,30,2024-01-01
2551,Denver,rider_004,17.33,0.08,10,2024-04-29
2552,Portland,rider_035,10.98,3.03,25,2024-03-28
2553,Austin,rider_056,28.81,3.38,15,2024-02-01
2554,Portland,rider_014,11.87,,16,2024-04-03
2555,Portland,rider_033,13.62,2.81,20,2024-03-30
2556,Seattle,rider_027,10.6,0.69,5,2024-02-14
2557,Portland,rider_009,17.35,3.91,29,2024-04-23
2558,Dallas,rider_031,13.15,3.83,30,2024-03-10
2559,Austin,rider_058,18.25,0.43,8,2024-02-17
2560,Seattle,rider_027,10.53,0.04,16,2024-02-13
2561,Dallas,rider_042,8.16,1.91,34,2024-03-11
2562,Austin,rider_009,7.4,0.08,5,2024-04-26
2563,Houston,rider_037,10.87,3.15,23,2024-04-22
2564,Seattle,rider_052,19.16,,7,2024-04-17
2565,Seattle,rider_024,10.39,1.85,30,2024-01-13
2566,Seattle,rider_026,22.98,3.18,21,2024-03-17
2567,Portland,rider_035,16.44,0.39,12,2024-01-13
2568,Dallas,rider_048,12.3,1.43,10,2024-04-12
2569,Seattle,rider_013,24.4,0.3,9,2024-03-27
2570,Houston,rider_049,11.71,0.35,14,2024-01-25
2571,Austin,rider_005,9.47,,16,2024-02-08
2572,Austin,rider_040,11.85,0.21,11,2024-04-09
2573,Austin,rider_059,13.18,0.0,24,2024-02-08
2574,Seattle,rider_035,11.08,0.39,25,2024-01-16
2575,Houston,rider_044,11.74,1.69,19,2024-04-22
2576,Seattle,rider_043,17.69,0.37,22,2024-02-28
2577,Portland,rider_002,18.13,0.94,14,2024-04-29
2578,Dallas,rider_034,6.76,0.48,22,2024-02-22
2579,Austin,rider_022,5.89,1.74,31,2024-02-01
2580,Portland,rider_012,20.86,3.72,7,2024-03-03
2581,Austin,rider_055,14.61,2.82,32,2024-02-11
2582,Portland,rider_059,7.64,0.32,4,2024-04-01
2583,Portland,rider_057,21.81,,13,2024-02-12
2584,Dallas,rider_020,18.03,1.63,7,2024-02-04
2585,Dallas,rider_019,6.08,,9,2024-01-09
2586,Seattle,rider_039,19.5,0.54,31,2024-03-28
2587,Houston,rider_025,12.43,0.01,27,2024-04-24
2588,Denver,rider_003,13.62,3.71,23,2024-02-26
2589,Dallas,rider_043,9.11,0.6,19,2024-03-12
2590,Seattle,rider_026,21.42,0.84,33,2024-04-21
2591,Denver,rider_017,13.88,0.86,6,2024-01-07
2592,Portland,rider_005,7.53,1.26,19,2024-04-26
2593,Portland,rider_043,10.85,2.89,7,2024-01-02
2594,Houston,rider_012,20.78,2.64,29,2024-01-19
2595,Houston,rider_044,20.49,4.52,3,2024-03-13
2596,Houston,rider_035,16.38,4.75,20,2024-03-17
2597,Dallas,rider_032,19.95,4.15,11,2024-04-10
2598,Austin,rider_029,14.03,,29,2024-01-09
2599,Portland,rider_037,13.04,2.12,5,2024-01-30
2600,Seattle,rider_010,15.47,2.64,10,2024-03-02
2601,Dallas,rider_030,6.01,0.89,18,2024-01-27
2602,Houston,rider_021,8.7,1.44,6,2024-02-24
2603,Dallas,rider_008,12.99,0.38,5,2024-02-15
2604,Dallas,rider_004,6.12,1.4,20,2024-01-19
2605,Houston,rider_036,12.18,3.27,26,2024-04-08
2606,Houston,rider_004,20.72,4.67,17,2024-01-01
2607,Dallas,rider_002,12.72,2.45,7,2024-01-15
2608,Dallas,rider_020,14.11,0.68,15,2024-01-16
2609,Portland,rider_048,9.67,0.22,31,2024-04-04
2610,Austin,rider_006,13.68,1.77,9,2024-02-25
2611,Portland,rider_055,29.01,0.13,8,2024-01-27
2612,Portland,rider_005,29.74,0.85,27,2024-01-27
2613,Denver,rider_053,13.56,1.38,30,2024-01-23
2614,Portland,rider_053,4.23,0.47,13,2024-04-26
2615,Dallas,rider_015,14.78,2.71,21,2024-04-11
2616,Denver,rider_028,6.48,,20,2024-04-13
2617,Seattle,rider_026,25.22,2.24,5,2024-04-30
2618,Seattle,rider_027,22.53,6.63,19,2024-04-04
2619,Houston,rider_032,9.51,1.2,25,2024-04-04
2620,Portland,rider_054,18.57,1.05,11,2024-04-09
2621,Dallas,rider_019,30.1,1.26,24,2024-03-21
2622,Seattle,rider_000,17.95,0.45,22,2024-01-28
2623,Denver,rider_037,14.38,0.81,18,2024-03-02
2624,Portland,rider_029,13.42,3.52,18,2024-01-14
2625,Austin,rider_024,14.75,3.19,12,2024-03-25
2626,Seattle,rider_028,14.04,3.3,26,2024-04-07
2627,Seattle,rider_004,24.91,6.88,13,2024-03-25
2628,Houston,rider_018,4.42,1.32,40,2024-03-28
2629,Portland,rider_004,6.56,0.55,4,2024-01-27
2630,Portland,rider_018,8.26,1.82,3,2024-03-01
2631,Dallas,rider_025,27.29,0.15,25,2024-01-15
2632,Portland,rider_055,10.14,,36,2024-03-29
2633,Houston,rider_012,14.2,4.23,20,2024-02-11
2634,Houston,rider_054,12.78,3.64,7,2024-04-11
2635,Austin,rider_040,16.76,0.6,18,2024-01-05
2636,Portland,rider_024,14.61,0.68,26,2024-01-30
2637,Seattle,rider_029,6.44,0.62,33,2024-04-02
2638,Seattle,rider_006,33.21,,3,2024-04-18
2639,Houston,rider_021,23.51,,18,2024-03-01
2640,Houston,rider_058,13.91,2.36,20,2024-04-18
2641,Seattle,rider_014,6.32,0.28,27,2024-01-13
2642,Houston,rider_018,13.09,0.81,40,2024-03-29
2643,Houston,rider_045,4.74,1.18,10,2024-04-03
2644,Dallas,rider_031,13.82,0.75,30,2024-02-06
2645,Dallas,rider_028,13.19,3.55,18,2024-03-08
2646,Austin,rider_052,12.35,2.48,3,2024-03-31
2647,Seattle,rider_053,20.73,2.39,30,2024-01-08
2648,Seattle,rider_043,15.49,2.04,16,2024-01-29
2649,Seattle,rider_029,13.59,3.7,11,2024-01-27
2650,Houston,rider_006,22.68,3.84,31,2024-03-17
2651,Dallas,rider_001,16.49,4.01,3,2024-02-11
2652,Austin,rider_054,20.46,3.45,24,2024-03-02
2653,Dallas,rider_024,19.19,2.99,31,2024-04-12
2654,Austin,rider_002,12.68,1.12,25,2024-03-14
2655,Houston,rider_033,25.79,0.61,21,2024-02-29
2656,Dallas,rider_052,9.14,1.54,21,2024-03-24
2657,Houston,rider_047,15.09,1.87,6,2024-01-23
2658,Portland,rider_057,38.88,6.84,23,2024-04-03
2659,Denver,rider_046,18.64,0.49,32,2024-02-29
2660,Seattle,rider_031,21.81,0.32,30,2024-02-07
2661,Houston,rider_053,18.89,,18,2024-04-27
2662,Houston,rider_018,7.88,0.09,3,2024-03-18
2663,Austin,rider_046,13.76,2.39,29,2024-03-17
2664,Seattle,rider_011,13.54,0.29,16,2024-04-17
2665,Denver,rider_002,10.84,1.28,8,2024-01-27
2666,Houston,rider_040,9.26,0.95,15,2024-03-19
2667,Houston,rider_008,9.86,,6,2024-01-06
2668,Seattle,rider_039,7.52,0.33,12,2024-03-30
2669,Denver,rider_024,16.03,1.48,20,2024-03-22
2670,Denver,rider_050,7.03,0.88,19,2024-01-03
2671,Dallas,rider_014,14.08,0.14,20,2024-04-18
2672,Portland,rider_043,11.44,3.1,21,2024-01-19
2673,Denver,rider_037,14.04,0.59,11,2024-02-01
2674,Houston,rider_010,22.64,6.14,15,2024-04-15
2675,Dallas,rider_013,11.14,0.5,19,2024-03-08
2676,Portland,rider_047,9.26,1.81,14,2024-01-10
2677,Dallas,rider_048,17.8,4.3,25,2024-02-12
2678,Dallas,rider_003,9.06,1.2,11,2024-02-01
2679,Portland,rider_001,18.34,4.72,17,2024-03-26
2680,Seattle,rider_026,11.09,1.54,13,2024-01-22
2681,Portland,rider_058,6.25,0.93,30,2024-04-15
2682,Seattle,rider_000,12.17,0.21,35,2024-02-15
2683,Portland,rider_055,11.41,,5,2024-01-03
2684,Denver,rider_017,28.6,6.82,16,2024-01-04
2685,Denver,rider_047,12.03,2.74,7,2024-03-28
2686,Seattle,rider_054,24.75,1.03,24,2024-04-14
2687,Seattle,rider_016,37.04,10.31,11,2024-04-05
2688,Dallas,rider_030,11.19,0.88,20,2024-04-02
2689,Portland,rider_059,12.21,3.02,14,2024-03-15
2690,Dallas,rider_025,14.21,3.11,17,2024-03-08
2691,Denver,rider_053,15.72,3.02,3,2024-02-11
2692,Houston,rider_044,7.23,,17,2024-04-23
2693,Denver,rider_025,17.31,4.39,25,2024-02-09
2694,Denver,rider_023,13.51,3.71,4,2024-01-07
2695,Dallas,rider_030,9.89,,15,2024-04-27
2696,Dallas,rider_053,14.77,3.13,14,2024-02-02
2697,Seattle,rider_046,11.67,1.02,19,2024-03-03
2698,Seattle,rider_026,13.87,0.69,13,2024-01-09
2699,Portland,rider_035,18.26,0.59,27,2024-03-28
2700,Houston,rider_013,20.99,0.49,18,2024-04-16
2701,Dallas,rider_013,9.05,0.86,32,2024-02-26
2702,Denver,rider_003,24.16,4.38,5,2024-01-10
2703,Denver,rider_038,9.73,2.05,7,2024-01-01
2704,Dallas,rider_003,10.77,2.89,13,2024-01-17
2705,Seattle,rider_046,10.83,2.95,27,2024-03-19
2706,Denver,rider_018,32.04,7.02,3,2024-04-23
2707,Houston,rider_011,15.29,0.88,25,2024-03-27
2708,Portland,rider_006,16.6,3.48,20,2024-03-06
2709,Houston,rider_010,19.6,,20,2024-04-07
2710,Austin,rider_001,30.06,4.17,3,2024-03-15
2711,Denver,rider_023,9.41,1.67,22,2024-03-01
2712,Austin,rider_041,10.12,2.89,13,2024-04-02
2713,Seattle,rider_043,13.59,,22,2024-02-22
2714,Austin,rider_005,34.2,3.53,22,2024-03-26
2715,Austin,rider_057,15.14,2.3,27,2024-02-26
2716,Houston,rider_044,9.95,1.11,13,2024-04-27
2717,Denver,rider_005,14.6,0.42,18,2024-01-09
2718,Houston,rider_037,10.73,2.57,10,2024-01-08
2719,Austin,rider_021,15.48,,6,2024-01-04
2720,Seattle,rider_010,17.89,4.05,18,2024-02-18
2721,Austin,rider_049,13.13,2.21,13,2024-01-12
2722,Dallas,rider_031,23.27,0.26,20,2024-04-14
2723,Dallas,rider_029,13.05,3.1,20,2024-04-05
2724,Houston,rider_018,25.8,1.9,17,2024-02-23
2725,Seattle,rider_024,9.42,0.88,10,2024-01-20
2726,Portland,rider_001,6.0,0.04,25,2024-04-21
2727,Portland,rider_029,6.81,1.12,20,2024-01-31
2728,Portland,rider_020,10.23,0.46,3,2024-03-25
2729,Dallas,rider_057,10.16,,21,2024-01-15
2730,Dallas,rider_015,20.28,,23,2024-01-11
2731,Dallas,rider_057,13.4,2.28,23,2024-02-08
2732,Seattle,rider_052,6.08,1.26,21,2024-02-05
2733,Denver,rider_046,10.46,0.89,25,2024-01-13
2734,Houston,rider_055,12.71,2.91,11,2024-01-08
2735,Portland,rider_017,34.14,7.23,18,2024-03-03
2736,Austin,rider_056,7.42,0.85,35,2024-03-07
2737,Seattle,rider_053,18.73,1.7,11,2024-04-26
2738,Portland,rider_032,38.03,8.51,24,2024-04-09
2739,Seattle,rider_015,15.61,3.15,13,2024-03-12
2740,Portland,rider_051,11.58,0.66,41,2024-02-28
2741,Seattle,rider_041,18.1,0.03,14,2024-04-08
2742,Houston,rider_037,35.84,4.05,10,2024-03-31
2743,Austin,rider_010,6.08,0.7,24,2024-04-13
2744,Austin,rider_009,22.13,5.47,23,2024-03-15
2745,Denver,rider_058,12.91,0.07,26,2024-02-14
2746,Dallas,rider_026,18.25,2.72,26,2024-02-21
2747,Denver,rider_056,11.33,3.16,27,2024-04-27
2748,Houston,rider_004,9.24,2.16,16,2024-03-18
2749,Denver,rider_055,34.88,7.8,3,2024-04-04
2750,Portland,rider_053,15.23,2.56,14,2024-03-11
2751,Denver,rider_004,8.6,2.09,18,2024-01-31
2752,Austin,rider_021,15.66,0.85,18,2024-01-23
2753,Seattle,rider_051,6.71,0.91,21,2024-01-04
2754,Houston,rider_018,14.19,4.04,30,2024-01-28
2755,Seattle,rider_052,12.75,2.48,16,2024-03-07
2756,Denver,rider_045,24.26,4.93,19,2024-04-14
2757,Dallas,rider_015,19.34,5.49,26,2024-01-08
2758,Austin,rider_054,14.65,3.54,7,2024-04-30
2759,Denver,rider_003,10.55,1.49,31,2024-02-27
2760,Austin,rider_026,22.4,5.41,17,2024-02-15
2761,Denver,rider_007,7.6,1.69,7,2024-04-11
2762,Houston,rider_030,8.72,,11,2024-03-15
2763,Austin,rider_055,12.77,0.75,22,2024-01-25
2764,Dallas,rider_045,38.72,1.09,18,2024-01-25
2765,Austin,rider_000,6.19,1.72,18,2024-01-16
2766,Portland,rider_058,22.89,1.72,9,2024-03-27
2767,Austin,rider_048,6.94,1.38,7,2024-01-25
2768,Denver,rider_010,14.6,4.24,16,2024-03-20
2769,Denver,rider_018,10.05,1.57,25,2024-02-19
2770,Denver,rider_058,11.16,3.18,11,2024-03-17
2771,Austin,rider_045,10.81,2.56,14,2024-02-08
2772,Portland,rider_018,9.23,,14,2024-04-05
2773,Denver,rider_032,14.72,4.16,12,2024-02-22
2774,Dallas,rider_049,6.89,0.78,20,2024-03-01
2775,Portland,rider_017,22.98,2.2,3,2024-04-29
2776,Dallas,rider_012,6.67,0.3,19,2024-04-16
2777,Seattle,rider_036,22.62,6.53,5,2024-02-06
2778,Austin,rider_006,15.13,2.08,11,2024-02-02
2779,Austin,rider_005,17.25,4.39,14,2024-02-25
2780,Austin,rider_006,14.39,,32,2024-01-29
2781,Seattle,rider_037,7.37,0.48,22,2024-04-17
2782,Dallas,rider_017,7.19,0.41,10,2024-01-10
2783,Austin,rider_015,21.52,3.06,22,2024-03-05
2784,Austin,rider_005,13.93,1.33,27,2024-04-01
2785,Portland,rider_000,12.5,0.48,3,2024-04-08
2786,Denver,rider_058,14.73,3.28,9,2024-03-31
2787,Denver,rider_007,7.21,1.97,11,2024-04-14
2788,Seattle,rider_003,12.99,0.17,32,2024-02-15
2789,Seattle,rider_037,5.28,0.83,22,2024-03-05
2790,Portland,rider_027,20.2,0.89,11,2024-02-28
2791,Houston,rider_027,19.5,4.45,12,2024-04-05
2792,Denver,rider_041,5.23,1.43,4,2024-04-15
2793,Seattle,rider_054,10.88,0.79,3,2024-03-27
2794,Portland,rider_026,16.68,0.45,30,2024-01-13
2795,Houston,rider_055,14.81,1.48,16,2024-02-15
2796,Seattle,rider_003,19.2,1.18,9,2024-01-31
2797,Austin,rider_046,15.97,3.96,10,2024-01-23
2798,Houston,rider_021,22.73,6.39,17,2024-03-06
2799,Denver,rider_059,12.3,0.72,30,2024-04-09
2800,Denver,rider_013,7.45,1.13,23,2024-03-25
2801,Denver,rider_049,16.71,0.07,12,2024-04-03
2802,Portland,rider_040,7.47,1.18,13,2024-02-05
2803,Houston,rider_006,10.05,2.09,19,2024-03-09
2804,Seattle,rider_036,8.52,1.1,26,2024-04-13
2805,Austin,rider_041,10.59,,20,2024-04-21
2806,Austin,rider_013,25.26,0.36,7,2024-01-25
2807,Austin,rider_044,12.38,0.29,27,2024-04-20
2808,Denver,rider_001,6.82,1.78,11,2024-01-12
2809,Houston,rider_053,22.2,,21,2024-04-17
2810,Denver,rider_000,12.78,0.35,10,2024-03-16
2811,Portland,rider_022,15.54,3.02,19,2024-04-26
2812,Denver,rider_004,12.77,2.37,23,2024-03-15
2813,Austin,rider_032,8.2,0.11,10,2024-04-01
2814,Houston,rider_029,7.46,1.31,9,2024-04-18
2815,Houston,rider_028,7.56,1.61,24,2024-01-16
2816,Austin,rider_046,16.49,0.83,14,2024-01-05
2817,Austin,rider_048,16.04,2.49,18,2024-01-02
2818,Austin,rider_040,6.74,0.09,4,2024-01-21
2819,Denver,rider_020,16.25,2.09,13,2024-03-17
2820,Portland,rider_013,33.44,6.35,30,2024-03-09
2821,Denver,rider_030,22.4,2.69,33,2024-02-19
2822,Austin,rider_046,15.68,0.38,24,2024-03-05
2823,Seattle,rider_019,17.24,2.89,28,2024-01-28
2824,Austin,rider_037,17.02,1.28,13,2024-04-10
2825,Austin,rider_009,19.59,4.81,22,2024-01-26
2826,Dallas,rider_042,7.98,1.41,4,2024-04-27
2827,Seattle,rider_006,15.1,1.19,3,2024-02-20
2828,Portland,rider_028,9.39,1.7,20,2024-01-14
2829,Portland,rider_004,9.41,2.48,22,2024-02-27
2830,Denver,rider_039,27.09,,19,2024-04-20
2831,Denver,rider_034,14.19,,9,2024-01-16
2832,Austin,rider_002,17.77,4.68,38,2024-02-18
2833,Seattle,rider_035,9.44,0.45,4,2024-03-09
2834,Portland,rider_001,7.55,2.19,15,2024-03-30
2835,Denver,rider_000,9.64,2.17,28,2024-02-26
2836,Austin,rider_032,22.55,4.94,16,2024-04-04
2837,Seattle,rider_025,9.24,0.72,11,2024-04-08
2838,Houston,rider_005,12.81,,4,2024-02-23
2839,Seattle,rider_007,19.37,0.15,21,2024-01-16
2840,Dallas,rider_007,3.15,0.55,32,2024-01-17
2841,Seattle,rider_021,13.32,1.6,9,2024-03-25
2842,Portland,rider_027,14.89,1.72,17,2024-03-19
2843,Denver,rider_017,42.73,11.92,14,2024-01-01
2844,Denver,rider_013,17.24,2.42,15,2024-01-14
2845,Austin,rider_047,33.93,5.26,3,2024-02-22
2846,Denver,rider_017,6.41,1.42,19,2024-04-03
2847,Denver,rider_049,23.68,3.65,17,2024-01-29
2848,Seattle,rider_035,22.44,2.85,29,2024-01-10
2849,Portland,rider_045,14.42,,22,2024-01-23
2850,Portland,rider_007,18.93,0.53,21,2024-02-11
2851,Austin,rider_054,14.2,4.01,19,2024-04-13
2852,Dallas,rider_046,12.84,0.1,11,2024-02-23
2853,Denver,rider_016,15.62,1.91,18,2024-04-29
2854,Seattle,rider_013,14.2,1.95,17,2024-04-27
2855,Denver,rider_016,19.46,,16,2024-02-12
2856,Houston,rider_052,8.06,1.45,3,2024-04-17
2857,Denver,rider_020,13.04,0.99,3,2024-01-09
2858,Portland,rider_012,10.82,1.06,24,2024-04-21
2859,Dallas,rider_024,8.09,0.89,28,2024-01-24
2860,Portland,rider_029,13.25,,14,2024-04-08
2861,Austin,rider_036,21.22,0.13,14,2024-03-07
2862,Portland,rider_015,15.59,4.4,10,2024-02-11
2863,Houston,rider_055,16.74,,3,2024-01-12
2864,Portland,rider_006,5.09,1.44,17,2024-02-23
2865,Dallas,rider_009,14.1,3.72,13,2024-03-08
2866,Houston,rider_027,19.06,5.7,3,2024-02-05
2867,Portland,rider_045,12.23,3.66,23,2024-04-28
2868,Portland,rider_005,18.32,5.21,3,2024-03-08
2869,Denver,rider_037,24.22,0.89,16,2024-02-02
2870,Austin,rider_043,19.04,1.13,10,2024-04-04
2871,Dallas,rider_043,22.55,,10,2024-04-18
2872,Seattle,rider_024,8.36,1.49,3,2024-03-08
2873,Seattle,rider_040,5.33,1.24,21,2024-04-29
2874,Denver,rider_022,14.57,0.53,3,2024-03-04
2875,Portland,rider_037,6.83,,10,2024-02-12
2876,Denver,rider_057,31.63,8.79,22,2024-03-11
2877,Seattle,rider_059,33.9,2.33,9,2024-01-26
2878,Seattle,rider_007,14.41,2.76,8,2024-02-05
2879,Portland,rider_023,25.25,7.33,25,2024-02-23
2880,Austin,rider_058,8.18,2.01,24,2024-04-21
2881,Portland,rider_038,13.22,0.98,8,2024-03-06
2882,Seattle,rider_057,10.41,3.08,24,2024-02-04
2883,Houston,rider_018,31.04,8.46,30,2024-01-31
2884,Dallas,rider_000,15.01,4.23,3,2024-04-26
2885,Houston,rider_023,9.72,2.24,28,2024-02-04
2886,Seattle,rider_027,13.79,2.38,29,2024-02-29
2887,Houston,rider_007,12.21,0.39,19,2024-02-16
2888,Dallas,rider_046,8.59,1.3,25,2024-03-31
2889,Portland,rider_005,14.72,4.06,13,2024-02-11
2890,Denver,rider_048,17.97,3.93,33,2024-01-22
2891,Portland,rider_048,11.43,3.26,14,2024-03-12
2892,Dallas,rider_041,28.18,3.2,14,2024-04-07
2893,Dallas,rider_004,15.02,4.02,6,2024-04-09
2894,Portland,rider_004,10.74,0.4,3,2024-03-30
2895,Seattle,rider_043,15.08,3.19,23,2024-03-08
2896,Dallas,rider_040,22.9,1.01,18,2024-03-10
2897,Houston,rider_058,13.05,1.9,12,2024-04-02
2898,Portland,rider_034,12.65,0.39,23,2024-02-26
2899,Portland,rider_032,14.19,3.9,16,2024-02-10
2900,Portland,rider_028,12.95,3.53,4,2024-01-24
2901,Austin,rider_024,28.26,0.13,11,2024-04-25
2902,Denver,rider_025,16.51,0.91,8,2024-03-26
2903,Dallas,rider_036,3.67,0.27,12,2024-04-07
2904,Denver,rider_028,26.47,0.93,18,2024-02-05
2905,Austin,rider_000,16.5,0.99,18,2024-03-15
2906,Denver,rider_012,13.7,0.74,13,2024-04-23
2907,Austin,rider_020,4.1,0.47,9,2024-01-16
2908,Austin,rider_042,11.51,,17,2024-04-11
2909,Seattle,rider_040,4.36,1.0,21,2024-02-13
2910,Houston,rider_055,19.37,3.53,10,2024-01-18
2911,Dallas,rider_018,4.73,1.25,16,2024-03-25
2912,Austin,rider_034,22.74,5.94,16,2024-04-24
2913,Dallas,rider_017,15.66,3.62,16,2024-02-06
2914,Houston,rider_014,30.94,6.55,16,2024-03-12
2915,Austin,rider_055,16.44,1.06,21,2024-01-27
2916,Houston,rider_029,5.78,1.47,38,2024-02-22
2917,Dallas,rider_057,8.27,1.17,4,2024-04-16
2918,Dallas,rider_008,22.75,4.36,19,2024-01-12
2919,Denver,rider_008,23.97,,21,2024-01-28
2920,Denver,rider_005,30.15,1.41,3,2024-02-05
2921,Seattle,rider_037,21.71,0.81,10,2024-03-31
2922,Dallas,rider_053,11.14,0.72,31,2024-02-01
2923,Denver,rider_010,15.17,3.89,41,2024-03-20
2924,Houston,rider_033,18.05,4.0,16,2024-03-14
2925,Dallas,rider_017,13.94,1.1,19,2024-02-26
2926,Houston,rider_020,14.89,0.05,17,2024-03-16
2927,Seattle,rider_025,17.9,2.74,18,2024-01-02
2928,Austin,rider_043,9.79,2.8,27,2024-01-17
2929,Houston,rider_034,12.25,2.46,12,2024-04-24
2930,Portland,rider_029,6.52,1.59,19,2024-02-01
2931,Denver,rider_053,23.28,4.63,5,2024-04-01
2932,Dallas,rider_026,15.94,1.32,38,2024-04-28
2933,Denver,rider_016,11.12,1.43,15,2024-04-17
2934,Dallas,rider_050,17.75,4.08,11,2024-01-05
2935,Houston,rider_039,15.29,1.65,14,2024-03-23
2936,Portland,rider_052,15.92,1.82,22,2024-03-23
2937,Dallas,rider_029,4.7,0.79,6,2024-01-28
2938,Portland,rider_030,16.56,0.75,5,2024-02-14
2939,Seattle,rider_030,17.03,3.98,3,2024-02-25
2940,Seattle,rider_000,8.58,2.37,3,2024-02-08
2941,Portland,rider_049,10.63,0.5,10,2024-01-26
2942,Austin,rider_046,12.37,3.48,16,2024-01-16
2943,Seattle,rider_045,5.12,1.04,17,2024-03-04
2944,Houston,rider_014,22.21,2.75,36,2024-02-17
2945,Dallas,rider_031,13.41,1.83,12,2024-04-17
2946,Austin,rider_016,7.53,1.54,22,2024-02-16
2947,Denver,rider_033,18.55,2.78,28,2024-01-21
2948,Austin,rider_042,8.37,1.8,14,2024-03-06
2949,Seattle,rider_016,7.17,2.15,24,2024-02-04
2950,Houston,rider_027,6.06,0.98,19,2024-02-10
2951,Seattle,rider_045,10.56,1.08,17,2024-04-14
2952,Dallas,rider_014,21.05,1.03,18,2024-02-07
2953,Seattle,rider_057,26.49,1.42,18,2024-03-27
2954,Austin,rider_047,10.88,1.9,17,2024-04-09
2955,Seattle,rider_051,15.74,2.36,10,2024-01-03
2956,Houston,rider_015,28.62,5.36,11,2024-01-08
2957,Houston,rider_026,26.72,0.08,21,2024-04-11
2958,Seattle,rider_008,18.43,3.72,15,2024-02-22
2959,Portland,rider_033,11.41,3.39,3,2024-03-03
2960,Houston,rider_016,10.37,0.95,3,2024-03-02
2961,Dallas,rider_016,10.11,2.74,23,2024-01-27
2962,Austin,rider_010,21.24,2.08,30,2024-04-03
2963,Denver,rider_039,10.46,2.82,24,2024-03-19
2964,Seattle,rider_034,9.48,2.59,24,2024-02-12
2965,Portland,rider_023,9.66,1.09,13,2024-01-05
2966,Houston,rider_012,21.29,3.11,30,2024-01-12
2967,Dallas,rider_036,18.37,,20,2024-02-09
2968,Dallas,rider_037,7.4,2.13,16,2024-04-15
2969,Houston,rider_044,18.08,0.83,28,2024-01-04
2970,Denver,rider_038,11.76,3.4,15,2024-04-19
2971,Denver,rider_030,19.19,2.16,20,2024-02-10
2972,Austin,rider_023,17.1,,11,2024-03-25
2973,Seattle,rider_017,15.13,2.88,15,2024-02-02
2974,Seattle,rider_010,4.03,0.82,31,2024-02-12
2975,Seattle,rider_037,10.77,1.45,24,2024-04-24
2976,Portland,rider_035,11.5,,18,2024-01-03
2977,Portland,rider_012,17.21,0.94,16,2024-04-28
2978,Portland,rider_037,8.42,0.26,13,2024-01-29
2979,Seattle,rider_013,18.51,4.71,15,2024-03-22
2980,Seattle,rider_050,12.12,0.33,22,2024-03-16
2981,Denver,rider_035,11.97,0.76,9,2024-02-28
2982,Portland,rider_054,22.81,6.23,4,2024-04-16
2983,Portland,rider_045,25.15,6.0,16,2024-04-09
2984,Denver,rider_000,11.02,3.15,26,2024-04-03
2985,Portland,rider_035,11.85,3.39,19,2024-01-21
2986,Portland,rider_043,16.44,4.36,18,2024-03-04
2987,Dallas,rider_058,13.04,0.1,22,2024-02-02
2988,Austin,rider_028,11.32,0.56,14,2024-01-22
2989,Denver,rider_044,7.59,0.0,10,2024-01-20
2990,Dallas,rider_022,13.26,0.01,15,2024-03-08
2991,Dallas,rider_019,10.28,1.52,9,2024-02-29
2992,Austin,rider_021,10.33,0.99,30,2024-03-09
2993,Portland,rider_019,31.3,6.61,27,2024-01-20
2994,Dallas,rider_015,14.76,1.02,7,2024-02-01
2995,Denver,rider_011,9.72,0.06,17,2024-01-13
2996,Seattle,rider_024,7.14,0.07,35,2024-03-28
2997,Dallas,rider_015,25.48,2.47,16,2024-01-29
2998,Seattle,rider_037,50.75,13.28,21,2024-01-22
2999,Seattle,rider_021,11.2,1.63,26,2024-03-09
3000,Austin,rider_035,11.29,0.1,8,2024-04-24
3001,Austin,rider_048,6.5,0.89,21,2024-03-09
3002,Seattle,rider_034,18.79,4.76,42,2024-02-02
3003,Seattle,rider_042,7.25,1.63,20,2024-02-10
3004,Portland,rider_051,28.09,6.56,15,2024-03-18
3005,Dallas,rider_012,7.19,1.61,32,2024-04-03
3006,Denver,rider_058,14.98,,10,2024-01-06
3007,Houston,rider_057,12.38,1.28,21,2024-03-19
3008,Portland,rider_016,22.96,3.76,31,2024-02-05
3009,Seattle,rider_015,22.1,0.34,8,2024-01-30
3010,Denver,rider_003,8.57,0.43,15,2024-03-14
3011,Houston,rider_040,23.84,3.68,28,2024-04-04
3012,Denver,rider_003,11.19,1.4,10,2024-01-22
3013,Austin,rider_051,11.02,3.05,13,2024-03-06
3014,Seattle,rider_048,7.21,0.83,15,2024-01-19
3015,Seattle,rider_033,32.9,2.71,4,2024-01-04
3016,Houston,rider_040,18.03,3.27,12,2024-03-13
3017,Austin,rider_015,7.67,0.11,3,2024-03-04
3018,Austin,rider_059,23.95,5.22,7,2024-03-04
3019,Portland,rider_009,11.71,2.31,22,2024-02-08
3020,Austin,rider_031,23.04,1.1,24,2024-01-30
3021,Austin,rider_006,9.13,1.14,26,2024-03-18
3022,Denver,rider_003,10.83,1.64,17,2024-02-18
3023,Denver,rider_005,25.52,3.49,15,2024-03-08
3024,Houston,rider_001,11.68,0.1,13,2024-04-11
3025,Portland,rider_024,10.49,2.83,3,2024-01-28
3026,Dallas,rider_003,35.59,0.56,11,2024-03-04
3027,Austin,rider_038,20.25,0.53,29,2024-01-10
3028,Dallas,rider_007,14.28,2.04,4,2024-04-02
3029,Houston,rider_045,11.93,,31,2024-03-16
3030,Houston,rider_051,11.58,0.46,11,2024-04-22
3031,Denver,rider_042,20.15,5.27,7,2024-03-01
3032,Dallas,rider_048,16.38,3.15,3,2024-03-25
3033,Austin,rider_033,11.93,2.33,36,2024-03-13
3034,Austin,rider_035,18.58,2.93,16,2024-04-18
3035,Seattle,rider_007,11.55,1.55,23,2024-01-07
3036,Portland,rider_026,13.01,2.41,17,2024-02-14
3037,Houston,rider_028,21.28,4.14,11,2024-01-30
3038,Austin,rider_040,9.92,0.67,11,2024-01-24
3039,Portland,rider_048,10.94,0.06,36,2024-04-30
3040,Portland,rider_020,22.29,3.74,28,2024-01-06
3041,Dallas,rider_000,18.63,0.43,17,2024-03-20
3042,Austin,rider_045,16.67,1.39,18,2024-02-20
3043,Portland,rider_040,11.92,3.33,9,2024-01-06
3044,Dallas,rider_003,10.05,0.62,3,2024-03-20
3045,Seattle,rider_042,12.35,1.14,10,2024-04-24
3046,Dallas,rider_014,17.45,2.66,36,2024-04-24
3047,Denver,rider_025,15.61,0.47,26,2024-03-15
3048,Denver,rider_012,21.0,2.8,36,2024-04-11
3049,Portland,rider_050,18.66,5.48,29,2024-02-22
3050,Dallas,rider_015,14.76,4.08,15,2024-02-03
3051,Portland,rider_014,23.69,1.33,20,2024-02-08
3052,Houston,rider_015,9.66,0.66,24,2024-04-22
3053,Seattle,rider_009,15.46,0.36,23,2024-02-22
3054,Seattle,rider_012,5.87,0.9,7,2024-01-19
3055,Portland,rider_015,15.31,1.05,18,2024-04-01
3056,Dallas,rider_046,33.49,8.58,19,2024-02-02
3057,Austin,rider_043,9.55,2.72,3,2024-01-29
3058,Austin,rider_058,6.49,1.23,22,2024-01-14
3059,Austin,rider_018,20.23,,15,2024-01-30
3060,Dallas,rider_011,8.74,0.45,25,2024-04-21
3061,Austin,rider_028,29.49,2.6,12,2024-02-12
3062,Houston,rider_027,6.74,1.15,24,2024-03-13
3063,Houston,rider_058,15.71,1.63,12,2024-02-19
3064,Denver,rider_052,7.08,0.78,27,2024-01-30
3065,Dallas,rider_031,16.31,2.48,19,2024-02-13
3066,Austin,rider_015,5.92,1.33,28,2024-03-10
3067,Austin,rider_057,9.24,0.29,24,2024-04-01
3068,Houston,rider_049,11.6,0.37,3,2024-03-25
3069,Dallas,rider_051,7.85,1.54,27,2024-03-01
3070,Austin,rider_034,23.64,6.56,23,2024-01-10
3071,Houston,rider_006,6.14,0.99,4,2024-03-31
3072,Portland,rider_000,18.96,4.0,19,2024-02-23
3073,Portland,rider_029,8.12,1.73,18,2024-01-18
3074,Houston,rider_035,22.36,,12,2024-01-24
3075,Seattle,rider_052,11.84,1.68,14,2024-03-27
3076,Dallas,rider_041,24.99,7.13,11,2024-02-21
3077,Dallas,rider_043,16.72,3.17,27,2024-01-17
3078,Austin,rider_020,23.56,2.5,8,2024-01-11
3079,Houston,rider_029,9.81,2.76,29,2024-01-23
3080,Houston,rider_044,26.27,1.99,21,2024-03-12
3081,Austin,rider_028,65.25,11.16,33,2024-04-03
3082,Dallas,rider_051,11.4,0.69,16,2024-04-13
3083,Portland,rider_040,20.32,1.87,28,2024-04-12
3084,Seattle,rider_038,12.55,0.54,32,2024-03-20
3085,Seattle,rider_018,10.57,,26,2024-04-19
3086,Houston,rider_002,4.24,0.43,33,2024-04-22
3087,Denver,rider_039,50.34,9.28,24,2024-03-04
3088,Denver,rider_051,19.3,4.31,24,2024-01-23
3089,Denver,rider_017,17.31,0.05,18,2024-04-15
3090,Dallas,rider_012,22.61,5.93,30,2024-02-28
3091,Dallas,rider_027,11.21,1.97,29,2024-01-04
3092,Houston,rider_037,7.02,,34,2024-02-14
3093,Houston,rider_024,19.66,4.98,21,2024-01-29
3094,Portland,rider_006,22.74,5.64,17,2024-03-28
3095,Portland,rider_015,13.54,2.45,18,2024-03-27
3096,Denver,rider_023,14.39,3.82,4,2024-01-21
3097,Portland,rider_000,12.3,2.68,10,2024-03-31
3098,Seattle,rider_032,18.72,4.56,24,2024-01-05
3099,Seattle,rider_009,13.19,,45,2024-04-13
3100,Dallas,rider_017,28.87,,21,2024-03-16
3101,Seattle,rider_023,20.49,3.02,31,2024-01-25
3102,Dallas,rider_047,9.1,,5,2024-01-13
3103,Dallas,rider_013,13.63,1.52,26,2024-04-01
3104,Portland,rider_003,17.37,0.09,4,2024-04-19
3105,Seattle,rider_013,11.95,,13,2024-04-05
3106,Denver,rider_059,25.45,0.26,13,2024-01-06
3107,Austin,rider_058,15.61,3.86,22,2024-01-21
3108,Seattle,rider_002,16.16,4.54,16,2024-01-27
3109,Portland,rider_051,15.38,0.66,35,2024-04-04
3110,Seattle,rider_003,12.29,1.59,25,2024-03-24
3111,Houston,rider_052,15.12,1.49,30,2024-02-13
3112,Dallas,rider_038,11.68,2.29,23,2024-02-04
3113,Portland,rider_048,8.12,0.43,12,2024-03-06
3114,Portland,rider_030,26.95,4.26,25,2024-03-13
3115,Austin,rider_045,18.18,3.5,10,2024-01-23
3116,Portland,rider_027,8.88,2.65,21,2024-03-16
3117,Dallas,rider_024,12.44,1.36,4,2024-03-10
3118,Houston,rider_027,7.72,0.14,13,2024-01-26
3119,Dallas,rider_042,5.87,1.06,14,2024-04-25
3120,Austin,rider_011,11.2,2.79,10,2024-01-29
3121,Austin,rider_058,11.01,0.45,9,2024-02-02
3122,Seattle,rider_049,6.77,0.48,8,2024-02-05
3123,Austin,rider_032,35.24,9.86,29,2024-02-11
3124,Houston,rider_017,14.42,0.06,16,2024-02-21
3125,Denver,rider_051,9.71,2.08,30,2024-04-06
3126,Houston,rider_018,19.63,,13,2024-04-28
3127,Seattle,rider_000,24.51,2.7,3,2024-03-17
3128,Houston,rider_036,4.07,0.78,21,2024-01-23
3129,Seattle,rider_015,10.89,,25,2024-02-07
3130,Dallas,rider_007,6.48,1.02,38,2024-01-30
3131,Denver,rider_045,39.68,2.27,24,2024-02-14
3132,Seattle,rider_050,18.44,,4,2024-03-29
3133,Denver,rider_018,13.34,1.55,11,2024-01-15
3134,Houston,rider_029,10.7,1.07,25,2024-02-18
3135,Portland,rider_018,11.52,3.05,18,2024-01-25
3136,Seattle,rider_056,25.98,0.67,20,2024-01-09
3137,Dallas,rider_019,10.0,2.83,27,2024-02-01
3138,Seattle,rider_029,11.47,3.42,5,2024-04-06
3139,Portland,rider_029,8.84,1.21,3,2024-04-23
3140,Portland,rider_030,30.12,1.99,24,2024-02-26
3141,Seattle,rider_012,7.77,2.01,9,2024-01-02
3142,Dallas,rider_008,13.29,2.55,9,2024-03-30
3143,Denver,rider_018,12.92,1.75,14,2024-01-02
3144,Houston,rider_029,24.77,3.94,13,2024-04-11
3145,Portland,rider_058,8.31,2.42,14,2024-02-11
3146,Portland,rider_027,7.86,1.57,11,2024-02-21
3147,Seattle,rider_036,16.35,2.59,18,2024-03-25
3148,Seattle,rider_021,6.53,0.97,12,2024-01-27
3149,Seattle,rider_002,25.13,1.22,11,2024-04-16
3150,Portland,rider_006,7.82,1.96,26,2024-03-29
3151,Portland,rider_046,14.04,3.48,3,2024-02-24
3152,Seattle,rider_007,26.78,2.02,12,2024-02-20
3153,Portland,rider_050,15.99,0.18,10,2024-04-05
3154,Denver,rider_005,17.56,0.81,9,2024-02-17
3155,Portland,rider_015,12.02,0.35,44,2024-02-26
3156,Austin,rider_046,14.19,3.37,14,2024-02-07
3157,Denver,rider_045,17.05,0.91,24,2024-04-14
3158,Portland,rider_017,18.3,2.59,12,2024-02-02
3159,Austin,rider_038,20.73,4.35,3,2024-03-02
3160,Denver,rider_018,18.59,2.21,32,2024-02-19
3161,Houston,rider_038,16.01,4.12,15,2024-04-27
3162,Seattle,rider_053,9.16,0.37,21,2024-03-09
3163,Seattle,rider_004,11.98,2.2,28,2024-04-25
3164,Dallas,rider_049,6.44,1.07,22,2024-01-04
3165,Denver,rider_029,17.87,2.7,19,2024-04-23
3166,Dallas,rider_051,7.68,1.7,23,2024-02-16
3167,Seattle,rider_009,24.42,6.1,19,2024-04-03
3168,Austin,rider_041,13.53,4.02,24,2024-02-29
3169,Houston,rider_054,8.42,0.95,26,2024-02-29
3170,Seattle,rider_051,11.94,3.04,26,2024-03-22
3171,Seattle,rider_054,11.69,,15,2024-03-15
3172,Portland,rider_051,9.32,0.09,29,2024-02-04
3173,Denver,rider_017,18.99,3.44,30,2024-03-17
3174,Denver,rider_055,11.54,1.67,11,2024-04-23
3175,Portland,rider_044,11.82,0.32,21,2024-01-15
3176,Portland,rider_011,26.95,5.82,3,2024-04-10
3177,Seattle,rider_047,9.42,1.98,29,2024-03-20
3178,Denver,rider_033,15.27,3.27,22,2024-02-15
3179,Portland,rider_017,18.12,2.96,31,2024-03-22
3180,Portland,rider_020,8.99,2.25,14,2024-04-01
3181,Austin,rider_018,10.28,0.36,15,2024-01-15
3182,Seattle,rider_045,18.09,4.27,26,2024-02-04
3183,Dallas,rider_059,8.04,0.3,25,2024-03-02
3184,Portland,rider_054,30.2,8.39,12,2024-01-04
3185,Portland,rider_013,11.98,0.78,13,2024-03-30
3186,Seattle,rider_059,18.69,,17,2024-03-29
3187,Austin,rider_048,14.84,,18,2024-04-29
3188,Denver,rider_029,10.21,0.44,32,2024-02-07
3189,Dallas,rider_038,6.07,0.48,14,2024-02-05
3190,Denver,rider_059,5.37,0.07,17,2024-03-29
3191,Seattle,rider_036,10.21,1.85,21,2024-02-18
3192,Portland,rider_031,8.73,2.32,17,2024-04-23
3193,Seattle,rider_022,8.59,2.3,10,2024-03-18
3194,Austin,rider_031,12.69,1.41,15,2024-01-04
3195,Dallas,rider_039,27.23,1.17,27,2024-02-29
3196,Dallas,rider_006,11.32,2.16,14,2024-01-18
3197,Denver,rider_005,17.3,4.56,28,2024-04-15
3198,Austin,rider_001,5.2,0.31,20,2024-04-10
3199,Austin,rider_036,15.13,,29,2024-02-09
3200,Austin,rider_025,11.1,0.04,33,2024-04-11
3201,Houston,rider_051,12.59,2.29,5,2024-04-13
3202,Houston,rider_043,4.78,,27,2024-03-18
3203,Austin,rider_003,16.66,,23,2024-03-14
3204,Denver,rider_036,17.44,2.15,3,2024-04-07
3205,Dallas,rider_044,25.85,2.78,16,2024-01-08
3206,Portland,rider_018,14.69,3.46,12,2024-02-01
3207,Houston,rider_040,18.53,3.62,18,2024-03-05
3208,Dallas,rider_037,18.62,1.72,28,2024-04-11
3209,Portland,rider_003,29.47,4.24,24,2024-03-08
3210,Portland,rider_019,10.91,3.24,3,2024-01-17
3211,Austin,rider_055,32.96,4.07,18,2024-04-23
3212,Dallas,rider_054,18.33,4.68,22,2024-03-22
3213,Dallas,rider_043,16.22,1.36,9,2024-01-24
3214,Houston,rider_026,11.68,3.05,17,2024-01-26
3215,Dallas,rider_021,6.71,1.0,12,2024-03-26
3216,Denver,rider_054,23.37,0.48,20,2024-04-21
3217,Houston,rider_022,15.54,0.27,9,2024-04-08
3218,Seattle,rider_024,7.67,0.21,11,2024-04-19
3219,Denver,rider_044,10.34,1.76,27,2024-02-19
3220,Austin,rider_026,16.79,4.65,31,2024-03-07
3221,Austin,rider_006,8.79,1.28,16,2024-01-06
3222,Austin,rider_006,10.72,0.36,14,2024-04-19
3223,Houston,rider_002,15.45,1.75,7,2024-03-08
3224,Houston,rider_028,6.26,0.79,26,2024-04-18
3225,Houston,rider_013,10.55,1.63,24,2024-02-05
3226,Houston,rider_056,28.59,6.58,14,2024-03-04
3227,Denver,rider_053,8.95,2.39,6,2024-01-12
3228,Seattle,rider_004,17.34,2.82,3,2024-01-31
3229,Portland,rider_011,10.68,1.97,13,2024-04-07
3230,Dallas,rider_016,10.72,2.25,15,2024-03-05
3231,Denver,rider_015,6.57,0.78,25,2024-03-03
3232,Austin,rider_049,7.67,0.74,24,2024-02-10
3233,Austin,rider_022,17.89,0.52,15,2024-04-04
3234,Seattle,rider_048,11.91,0.73,14,2024-02-14
3235,Portland,rider_050,17.34,2.5,9,2024-02-02
3236,Austin,rider_007,6.59,0.25,21,2024-03-22
3237,Dallas,rider_028,16.72,1.3,25,2024-03-22
3238,Dallas,rider_043,9.94,0.74,32,2024-02-15
3239,Austin,rider_000,9.27,2.28,14,2024-02-03
3240,Austin,rider_000,11.52,1.17,15,2024-02-15
3241,Denver,rider_000,11.25,1.18,18,2024-03-22
3242,Portland,rider_009,7.54,0.08,29,2024-01-11
3243,Austin,rider_042,17.03,3.44,14,2024-01-18
3244,Austin,rider_054,21.86,5.07,8,2024-01-05
3245,Dallas,rider_008,23.76,3.08,9,2024-01-04
3246,Austin,rider_028,14.94,4.21,16,2024-03-13
3247,Portland,rider_024,16.11,3.4,12,2024-04-24
3248,Dallas,rider_021,9.13,0.59,18,2024-04-05
3249,Dallas,rider_059,12.18,2.46,8,2024-01-02
3250,Austin,rider_010,15.82,2.13,13,2024-02-28
3251,Seattle,rider_007,20.19,,7,2024-03-16
3252,Seattle,rider_050,26.59,7.27,20,2024-03-28
3253,Denver,rider_016,17.52,0.83,34,2024-02-09
3254,Dallas,rider_009,14.13,3.83,17,2024-04-01
3255,Portland,rider_030,32.86,0.21,16,2024-04-21
3256,Portland,rider_017,14.21,1.02,10,2024-02-21
3257,Portland,rider_019,14.02,,28,2024-01-06
3258,Denver,rider_031,19.69,3.6,28,2024-03-26
3259,Houston,rider_047,14.16,3.36,13,2024-01-19
3260,Seattle,rider_058,21.79,2.31,16,2024-02-17
3261,Seattle,rider_030,11.34,2.12,22,2024-01-13
3262,Seattle,rider_054,7.46,0.28,18,2024-01-02
3263,Houston,rider_016,26.11,2.81,27,2024-01-14
3264,Seattle,rider_056,20.31,0.2,10,2024-01-12
3265,Houston,rider_046,10.46,3.09,14,2024-02-10
3266,Dallas,rider_053,13.27,2.41,11,2024-04-02
3267,Austin,rider_027,13.01,0.37,39,2024-01-27
3268,Dallas,rider_047,62.79,4.44,7,2024-03-15
3269,Seattle,rider_007,8.36,0.41,8,2024-01-11
3270,Houston,rider_036,22.43,5.37,21,2024-02-24
3271,Seattle,rider_040,21.97,1.46,9,2024-04-30
3272,Houston,rider_013,8.43,0.19,10,2024-01-18
3273,Seattle,rider_037,19.72,1.26,9,2024-01-27
3274,Denver,rider_013,16.48,0.59,15,2024-02-06
3275,Denver,rider_020,5.51,1.03,12,2024-04-15
3276,Austin,rider_058,22.19,5.65,23,2024-02-10
3277,Seattle,rider_052,28.97,4.89,16,2024-04-25
3278,Dallas,rider_031,9.38,0.2,17,2024-01-23
3279,Denver,rider_046,27.25,4.84,10,2024-03-18
3280,Houston,rider_050,15.6,0.77,3,2024-04-07
3281,Houston,rider_042,6.2,1.5,19,2024-04-21
3282,Denver,rider_033,13.97,2.9,8,2024-04-23
3283,Houston,rider_001,8.99,1.13,25,2024-01-11
3284,Denver,rider_042,9.83,1.23,22,2024-03-24
3285,Dallas,rider_028,15.05,3.72,20,2024-02-23
3286,Austin,rider_044,16.97,5.08,3,2024-04-06
3287,Denver,rider_058,15.19,0.05,36,2024-03-22
3288,Portland,rider_047,21.09,,21,2024-01-04
3289,Portland,rider_013,18.39,3.52,22,2024-02-03
3290,Seattle,rider_043,25.11,6.92,20,2024-02-09
3291,Seattle,rider_046,47.74,9.84,15,2024-02-09
3292,Denver,rider_027,13.16,2.55,21,2024-01-28
3293,Denver,rider_011,9.45,0.26,16,2024-03-18
3294,Denver,rider_010,14.71,3.25,13,2024-01-02
3295,Dallas,rider_006,29.22,5.53,14,2024-03-26
3296,Portland,rider_000,13.72,2.09,4,2024-01-25
3297,Houston,rider_035,7.71,1.05,22,2024-02-07
3298,Portland,rider_028,31.04,0.44,17,2024-01-01
3299,Seattle,rider_034,19.26,0.7,19,2024-01-27
3300,Austin,rider_051,7.64,0.01,10,2024-01-01
3301,Denver,rider_020,26.56,0.26,18,2024-03-16
3302,Denver,rider_029,5.38,0.95,24,2024-01-27
3303,Austin,rider_058,12.58,2.32,28,2024-04-12
3304,Houston,rider_046,6.15,0.43,21,2024-03-22
3305,Portland,rider_034,19.63,0.29,5,2024-04-01
3306,Houston,rider_043,8.98,1.44,10,2024-02-04
3307,Austin,rider_003,9.59,0.85,24,2024-03-21
3308,Seattle,rider_019,22.89,1.06,14,2024-02-19
3309,Denver,rider_055,12.59,3.61,18,2024-04-18
3310,Austin,rider_058,10.27,0.4,14,2024-03-17
3311,Seattle,rider_038,17.33,1.16,25,2024-02-01
3312,Denver,rider_003,29.36,7.21,14,2024-03-09
3313,Portland,rider_006,16.33,3.01,26,2024-02-27
3314,Portland,rider_014,16.15,3.88,9,2024-02-22
3315,Seattle,rider_045,15.75,4.51,25,2024-04-19
3316,Austin,rider_008,6.57,0.15,34,2024-04-11
3317,Austin,rider_027,28.57,4.58,15,2024-01-20
3318,Seattle,rider_018,16.52,2.39,18,2024-03-22
3319,Seattle,rider_059,12.7,2.7,14,2024-02-05
3320,Portland,rider_010,13.23,1.15,24,2024-02-01
3321,Dallas,rider_047,14.7,3.62,15,2024-01-14
3322,Dallas,rider_002,23.09,5.89,4,2024-03-02
3323,Austin,rider_014,23.54,0.24,12,2024-02-15
3324,Austin,rider_033,3.06,,17,2024-03-05
3325,Austin,rider_002,21.87,4.84,21,2024-02-29
3326,Denver,rider_026,7.84,2.34,16,2024-02-03
3327,Denver,rider_042,7.22,0.53,14,2024-02-18
3328,Austin,rider_054,9.97,1.23,16,2024-01-28
3329,Dallas,rider_005,22.59,2.07,13,2024-01-20
3330,Houston,rider_032,15.37,3.85,11,2024-02-08
3331,Austin,rider_024,13.79,0.42,3,2024-03-07
3332,Portland,rider_032,9.95,0.36,15,2024-01-12
3333,Portland,rider_051,12.18,2.99,21,2024-01-01
3334,Portland,rider_038,11.39,1.12,19,2024-01-09
3335,Houston,rider_025,21.07,2.51,13,2024-01-18
3336,Portland,rider_008,14.36,0.8,31,2024-04-14
3337,Dallas,rider_056,20.19,3.58,13,2024-02-09
3338,Dallas,rider_012,10.2,2.67,26,2024-04-29
3339,Denver,rider_043,22.67,4.17,25,2024-02-22
3340,Portland,rider_014,15.04,1.1,6,2024-03-14
3341,Portland,rider_059,12.09,1.79,15,2024-04-15
3342,Portland,rider_041,7.31,0.55,13,2024-04-17
3343,Austin,rider_017,5.12,1.28,3,2024-01-25
3344,Dallas,rider_025,6.23,1.54,27,2024-04-08
3345,Dallas,rider_013,7.06,0.26,7,2024-01-24
3346,Denver,rider_014,18.41,,25,2024-04-06
3347,Dallas,rider_059,12.07,0.92,29,2024-04-04
3348,Houston,rider_008,8.74,1.88,24,2024-03-08
3349,Seattle,rider_013,8.16,1.41,24,2024-01-10
3350,Denver,rider_003,10.7,,19,2024-01-25
3351,Dallas,rider_016,18.0,,26,2024-02-11
3352,Portland,rider_049,7.3,,3,2024-03-16
3353,Dallas,rider_032,11.98,1.25,27,2024-02-21
3354,Denver,rider_023,8.57,1.45,3,2024-03-07
3355,Denver,rider_011,7.21,1.28,19,2024-01-24
3356,Dallas,rider_036,14.27,0.9,10,2024-01-11
3357,Dallas,rider_003,11.12,1.09,36,2024-03-11
3358,Portland,rider_041,13.74,1.79,28,2024-02-02
3359,Houston,rider_038,12.04,,3,2024-04-27
3360,Austin,rider_044,11.75,1.9,32,2024-03-09
3361,Denver,rider_008,21.03,3.55,6,2024-01-31
3362,Austin,rider_049,16.5,2.18,26,2024-01-05
3363,Denver,rider_055,12.95,0.75,34,2024-02-24
3364,Seattle,rider_055,7.92,1.75,25,2024-03-21
3365,Denver,rider_041,36.66,2.7,16,2024-04-19
3366,Houston,rider_046,28.95,7.12,20,2024-01-23
3367,Seattle,rider_029,8.89,2.57,6,2024-04-17
3368,Austin,rider_052,11.04,2.5,22,2024-01-09
3369,Seattle,rider_033,10.92,2.62,15,2024-03-02
3370,Portland,rider_011,26.87,3.82,19,2024-01-05
3371,Seattle,rider_033,15.8,3.51,24,2024-03-29
3372,Houston,rider_018,26.86,7.96,34,2024-03-24
3373,Portland,rider_009,23.17,1.23,31,2024-01-02
3374,Dallas,rider_059,16.56,4.94,33,2024-04-27
3375,Dallas,rider_013,9.19,2.13,27,2024-01-07
3376,Denver,rider_035,6.52,0.33,19,2024-02-24
3377,Portland,rider_056,25.14,1.13,29,2024-03-14
3378,Houston,rider_036,16.46,3.16,28,2024-02-16
3379,Dallas,rider_050,12.51,1.09,3,2024-02-11
3380,Dallas,rider_056,9.11,1.3,30,2024-03-22
3381,Austin,rider_001,23.73,4.17,23,2024-03-05
3382,Denver,rider_013,12.72,0.26,17,2024-01-19
3383,Austin,rider_054,17.08,2.68,22,2024-01-19
3384,Dallas,rider_033,16.36,1.59,18,2024-04-13
3385,Denver,rider_016,14.37,3.64,8,2024-01-01
3386,Denver,rider_015,35.88,7.02,25,2024-02-03
3387,Austin,rider_019,10.72,1.35,9,2024-03-17
3388,Dallas,rider_028,11.51,3.38,18,2024-04-13
3389,Denver,rider_048,11.98,3.43,28,2024-04-27
3390,Dallas,rider_043,12.05,0.45,30,2024-04-13
3391,Dallas,rider_011,10.97,2.23,18,2024-01-07
3392,Houston,rider_039,19.15,1.02,21,2024-04-14
3393,Houston,rider_036,27.46,5.31,14,2024-02-10
3394,Dallas,rider_032,15.52,3.78,29,2024-01-17
3395,Denver,rider_034,10.33,,21,2024-01-01
3396,Houston,rider_023,19.98,5.5,20,2024-03-03
3397,Dallas,rider_014,13.13,2.75,27,2024-03-21
3398,Denver,rider_044,13.91,0.96,27,2024-03-24
3399,Denver,rider_024,7.95,0.04,28,2024-03-31
3400,Austin,rider_031,13.15,1.66,11,2024-04-02
3401,Dallas,rider_028,23.27,,23,2024-04-13
3402,Austin,rider_016,5.83,1.3,17,2024-03-24
3403,Portland,rider_056,8.96,1.93,15,2024-02-04
3404,Houston,rider_050,10.35,1.35,9,2024-04-09
3405,Dallas,rider_042,12.69,0.76,9,2024-01-02
3406,Houston,rider_008,13.25,0.67,12,2024-01-04
3407,Portland,rider_003,17.03,1.6,16,2024-04-22
3408,Seattle,rider_031,19.32,,13,2024-02-24
3409,Portland,rider_000,27.51,7.82,12,2024-01-18
3410,Seattle,rider_057,11.37,3.32,21,2024-04-06
3411,Houston,rider_053,20.96,,30,2024-04-29
3412,Seattle,rider_026,5.85,1.11,23,2024-04-19
3413,Dallas,rider_042,13.49,2.37,15,2024-04-30
3414,Austin,rider_014,23.8,0.41,13,2024-02-28
3415,Denver,rider_056,7.4,1.78,11,2024-03-05
3416,Houston,rider_005,10.0,2.79,18,2024-03-27
3417,Denver,rider_044,17.99,4.72,16,2024-03-30
3418,Seattle,rider_057,15.35,1.39,33,2024-01-13
3419,Houston,rider_022,7.92,1.02,20,2024-02-09
3420,Portland,rider_025,18.32,0.43,7,2024-04-24
3421,Portland,rider_052,8.83,0.53,23,2024-04-26
3422,Houston,rider_032,7.08,0.66,15,2024-04-18
3423,Portland,rider_039,22.68,5.81,27,2024-04-20
3424,Houston,rider_027,19.05,0.84,13,2024-01-19
3425,Portland,rider_035,19.0,0.55,8,2024-03-07
3426,Houston,rider_055,18.63,0.76,6,2024-04-09
3427,Austin,rider_004,4.17,0.7,29,2024-02-10
3428,Portland,rider_041,14.43,3.34,20,2024-03-15
3429,Denver,rider_033,35.42,,7,2024-01-15
3430,Houston,rider_032,9.64,1.63,18,2024-04-27
3431,Seattle,rider_032,9.68,2.43,19,2024-03-03
3432,Houston,rider_056,17.13,3.57,15,2024-01-02
3433,Seattle,rider_045,14.07,3.33,28,2024-01-11
3434,Austin,rider_043,6.46,,15,2024-01-24
3435,Houston,rider_005,26.05,5.17,16,2024-03-24
3436,Dallas,rider_004,12.09,3.4,5,2024-02-08
3437,Dallas,rider_046,5.35,0.41,21,2024-04-07
3438,Denver,rider_042,13.64,0.95,6,2024-04-06
3439,Denver,rider_016,19.09,2.84,17,2024-03-18
3440,Portland,rider_016,12.59,1.1,27,2024-03-08
3441,Austin,rider_037,19.98,3.95,22,2024-01-16
3442,Dallas,rider_046,8.7,0.09,10,2024-01-03
3443,Seattle,rider_035,7.86,2.22,15,2024-01-28
3444,Denver,rider_048,18.32,0.73,18,2024-04-24
3445,Denver,rider_030,10.19,,16,2024-02-07
3446,Austin,rider_025,19.18,1.82,7,2024-02-05
3447,Houston,rider_045,6.28,0.99,13,2024-02-18
3448,Houston,rider_038,3.48,0.69,24,2024-04-11
3449,Portland,rider_024,13.41,0.84,15,2024-01-04
3450,Dallas,rider_004,8.59,1.49,15,2024-01-27
3451,Seattle,rider_016,14.35,1.0,30,2024-03-02
3452,Seattle,rider_056,7.28,1.3,4,2024-02-04
3453,Portland,rider_018,12.87,1.27,29,2024-01-17
3454,Dallas,rider_049,15.02,,5,2024-04-07
3455,Dallas,rider_039,12.82,0.41,28,2024-04-18
3456,Austin,rider_025,9.85,2.15,27,2024-02-05
3457,Austin,rider_016,15.91,2.62,25,2024-03-19
3458,Dallas,rider_008,17.46,,9,2024-01-06
3459,Austin,rider_014,11.01,2.66,3,2024-01-29
3460,Dallas,rider_052,10.42,2.61,26,2024-02-20
3461,Houston,rider_016,19.64,,31,2024-04-23
3462,Denver,rider_033,14.39,,17,2024-01-08
3463,Seattle,rider_037,32.25,5.05,10,2024-03-06
3464,Seattle,rider_030,5.79,0.35,18,2024-03-26
3465,Denver,rider_009,6.16,0.97,14,2024-01-26
3466,Dallas,rider_024,24.15,6.21,49,2024-02-10
3467,Austin,rider_058,23.04,3.51,8,2024-01-23
3468,Denver,rider_031,4.79,0.63,28,2024-04-26
3469,Austin,rider_030,12.27,3.14,9,2024-04-16
3470,Dallas,rider_032,8.36,0.72,6,2024-01-07
3471,Houston,rider_021,11.18,0.37,17,2024-01-18
3472,Denver,rider_034,7.23,0.23,3,2024-02-28
3473,Portland,rider_016,8.76,1.14,31,2024-03-30
3474,Houston,rider_056,13.85,3.61,31,2024-03-06
3475,Portland,rider_026,13.99,1.34,32,2024-04-05
3476,Austin,rider_045,24.88,0.03,21,2024-01-03
3477,Denver,rider_027,10.27,2.0,3,2024-04-06
3478,Seattle,rider_036,8.96,1.25,8,2024-04-23
3479,Austin,rider_032,14.51,3.05,22,2024-04-20
3480,Denver,rider_021,6.44,0.54,14,2024-04-29
3481,Austin,rider_020,7.76,1.18,30,2024-01-06
3482,Seattle,rider_010,18.72,0.29,27,2024-01-04
3483,Houston,rider_021,10.38,0.59,21,2024-03-19
3484,Denver,rider_027,15.12,4.11,21,2024-02-23
3485,Portland,rider_051,9.52,1.18,38,2024-03-24
3486,Austin,rider_034,26.63,7.1,15,2024-03-30
3487,Seattle,rider_056,17.93,1.32,23,2024-01-19
3488,Portland,rider_051,19.23,2.74,5,2024-04-24
3489,Austin,rider_024,10.02,0.43,14,2024-04-08
3490,Seattle,rider_033,12.0,,11,2024-03-28
3491,Dallas,rider_033,20.81,,20,2024-04-29
3492,Houston,rider_020,20.75,3.62,3,2024-01-07
3493,Austin,rider_034,11.08,1.2,26,2024-01-04
3494,Portland,rider_032,20.17,2.51,32,2024-03-04
3495,Denver,rider_050,23.18,3.85,33,2024-01-12
3496,Austin,rider_039,23.36,6.81,32,2024-02-24
3497,Denver,rider_012,3.78,0.32,15,2024-03-02
3498,Denver,rider_037,16.7,0.17,31,2024-02-15
3499,Seattle,rider_001,21.04,5.77,28,2024-02-20
3500,Seattle,rider_020,5.1,1.32,26,2024-02-20
3501,Denver,rider_039,8.25,1.01,36,2024-03-31
3502,Portland,rider_034,38.36,11.48,5,2024-01-27
3503,Austin,rider_042,34.94,4.0,17,2024-03-08
3504,Dallas,rider_004,10.33,0.46,3,2024-03-01
3505,Austin,rider_008,22.72,6.49,9,2024-01-07
3506,Denver,rider_001,15.36,3.62,19,2024-03-03
3507,Portland,rider_017,13.78,0.92,20,2024-02-16
3508,Houston,rider_057,7.8,1.93,10,2024-04-02
3509,Dallas,rider_015,18.67,1.8,35,2024-02-27
3510,Dallas,rider_035,17.68,5.23,28,2024-01-30
3511,Austin,rider_019,30.7,6.03,9,2024-03-31
3512,Seattle,rider_038,10.82,0.24,19,2024-02-17
3513,Portland,rider_052,5.54,0.57,11,2024-01-20
3514,Seattle,rider_059,10.35,2.04,22,2024-03-04
3515,Portland,rider_057,19.6,3.99,13,2024-02-27
3516,Denver,rider_000,5.55,0.09,3,2024-01-30
3517,Seattle,rider_003,6.95,1.0,23,2024-02-07
3518,Dallas,rider_013,4.79,1.3,3,2024-02-28
3519,Seattle,rider_034,11.83,1.3,5,2024-03-28
3520,Denver,rider_015,31.0,3.41,4,2024-02-13
3521,Houston,rider_000,11.89,3.44,13,2024-03-07
3522,Seattle,rider_036,9.58,1.74,7,2024-03-30
3523,Denver,rider_021,16.3,2.3,21,2024-04-08
3524,Houston,rider_007,8.73,1.39,21,2024-02-11
3525,Portland,rider_040,17.56,,19,2024-03-09
3526,Seattle,rider_019,10.69,1.45,23,2024-02-29
3527,Houston,rider_041,38.96,5.6,19,2024-01-12
3528,Austin,rider_023,20.39,1.6,5,2024-03-03
3529,Denver,rider_031,22.63,0.51,25,2024-03-30
3530,Austin,rider_028,18.82,5.11,11,2024-01-03
3531,Seattle,rider_031,10.33,,39,2024-03-01
3532,Austin,rider_058,9.32,2.68,22,2024-01-21
3533,Denver,rider_011,7.75,0.06,6,2024-04-22
3534,Austin,rider_031,10.57,1.97,12,2024-04-05
3535,Seattle,rider_015,18.03,,13,2024-01-10
3536,Dallas,rider_011,13.87,3.18,30,2024-03-13
3537,Seattle,rider_015,10.4,,25,2024-03-01
3538,Portland,rider_059,26.86,6.46,14,2024-04-09
3539,Denver,rider_013,15.17,,3,2024-02-16
3540,Austin,rider_003,15.18,3.93,32,2024-04-27
3541,Dallas,rider_030,11.02,3.19,11,2024-01-13
3542,Houston,rider_059,10.75,1.62,14,2024-01-21
3543,Dallas,rider_004,17.64,0.47,31,2024-03-14
3544,Dallas,rider_030,12.06,1.24,21,2024-01-17
3545,Seattle,rider_054,29.15,2.54,18,2024-03-25
3546,Portland,rider_033,10.14,2.42,19,2024-02-14
3547,Dallas,rider_001,13.89,2.02,3,2024-03-27
3548,Austin,rider_015,13.63,1.42,11,2024-04-27
3549,Portland,rider_032,12.94,3.59,22,2024-03-16
3550,Denver,rider_041,21.09,5.11,36,2024-01-25
3551,Denver,rider_047,16.96,3.41,21,2024-01-10
3552,Portland,rider_059,12.74,1.55,20,2024-03-15
3553,Portland,rider_006,8.87,1.37,23,2024-03-02
3554,Dallas,rider_038,11.75,1.63,19,2024-02-18
3555,Austin,rider_040,8.21,0.38,20,2024-01-14
3556,Houston,rider_010,13.09,3.03,15,2024-03-03
3557,Houston,rider_014,16.19,1.57,12,2024-04-22
3558,Denver,rider_024,17.54,2.41,42,2024-01-15
3559,Houston,rider_038,16.97,1.67,12,2024-02-17
3560,Portland,rider_043,9.34,2.14,13,2024-01-21
3561,Austin,rider_033,9.74,2.42,15,2024-02-28
3562,Portland,rider_036,46.65,10.75,28,2024-02-15
3563,Houston,rider_007,15.9,,37,2024-04-05
3564,Portland,rider_027,11.84,0.0,7,2024-01-13
3565,Denver,rider_015,13.08,2.6,16,2024-01-27
3566,Portland,rider_031,12.03,,16,2024-04-16
3567,Portland,rider_011,14.67,3.48,13,2024-03-29
3568,Seattle,rider_054,26.14,,6,2024-01-13
3569,Austin,rider_043,9.81,0.98,6,2024-04-10
3570,Seattle,rider_003,8.22,0.39,10,2024-03-31
3571,Seattle,rider_010,20.32,1.74,18,2024-04-15
3572,Denver,rider_058,23.6,4.38,22,2024-01-15
3573,Portland,rider_029,13.69,0.33,25,2024-04-23
3574,Denver,rider_056,11.89,1.9,23,2024-01-31
3575,Seattle,rider_041,24.66,5.32,18,2024-02-05
3576,Portland,rider_003,10.0,1.25,4,2024-02-29
3577,Austin,rider_055,20.05,2.88,17,2024-03-10
3578,Austin,rider_002,16.08,3.72,12,2024-02-04
3579,Austin,rider_058,14.89,3.64,18,2024-01-19
3580,Dallas,rider_028,8.1,1.66,15,2024-04-25
3581,Denver,rider_025,11.92,1.72,17,2024-04-24
3582,Houston,rider_059,4.9,1.13,22,2024-04-04
3583,Portland,rider_017,12.63,0.6,4,2024-01-21
3584,Seattle,rider_046,21.3,6.24,13,2024-01-01
3585,Seattle,rider_050,11.41,0.82,14,2024-01-07
3586,Seattle,rider_034,7.74,2.32,3,2024-02-04
3587,Dallas,rider_019,5.29,0.31,12,2024-01-28
3588,Dallas,rider_020,8.39,1.98,22,2024-03-12
3589,Seattle,rider_057,18.21,2.64,13,2024-01-23
3590,Portland,rider_021,14.58,2.14,27,2024-01-09
3591,Austin,rider_006,8.07,1.37,17,2024-01-30
3592,Portland,rider_032,9.14,,38,2024-04-18
3593,Austin,rider_014,17.53,0.95,30,2024-02-04
3594,Denver,rider_017,16.17,2.15,15,2024-03-19
3595,Denver,rider_056,9.7,,7,2024-02-09
3596,Denver,rider_043,31.44,5.67,26,2024-04-01
3597,Dallas,rider_006,7.03,1.06,20,2024-03-20
3598,Dallas,rider_047,12.86,0.54,21,2024-01-09
3599,Portland,rider_012,21.85,,15,2024-03-07
3600,Dallas,rider_012,11.42,0.61,9,2024-03-22
3601,Portland,rider_057,58.7,11.59,13,2024-03-08
3602,Dallas,rider_022,16.18,4.02,12,2024-01-27
3603,Portland,rider_043,11.25,0.82,19,2024-03-20
3604,Dallas,rider_046,9.26,0.65,12,2024-03-11
3605,Houston,rider_021,9.93,2.96,15,2024-01-09
3606,Houston,rider_021,14.19,0.47,26,2024-02-10
3607,Portland,rider_018,10.75,0.53,16,2024-03-19
3608,Austin,rider_047,20.9,5.66,34,2024-01-09
3609,Houston,rider_043,6.95,1.76,13,2024-01-30
3610,Austin,rider_031,12.31,2.91,17,2024-03-10
3611,Houston,rider_051,6.0,0.95,7,2024-02-26
3612,Austin,rider_017,14.04,1.01,29,2024-01-24
3613,Seattle,rider_003,27.24,1.39,14,2024-01-29
3614,Houston,rider_052,20.01,3.51,27,2024-04-27
3615,Denver,rider_001,11.28,3.16,33,2024-03-05
3616,Seattle,rider_009,13.54,,27,2024-01-24
3617,Houston,rider_048,13.51,1.99,19,2024-01-20
3618,Portland,rider_054,13.52,0.8,23,2024-03-20
3619,Dallas,rider_038,24.18,5.23,30,2024-03-31
3620,Houston,rider_050,17.29,0.12,21,2024-03-01
3621,Austin,rider_006,12.75,1.66,16,2024-01-24
3622,Seattle,rider_020,35.02,5.53,20,2024-04-02
3623,Houston,rider_044,19.18,,12,2024-04-12
3624,Austin,rider_040,6.66,0.9,15,2024-01-24
3625,Seattle,rider_020,11.27,2.27,25,2024-04-06
3626,Denver,rider_040,11.18,1.72,23,2024-04-21
3627,Houston,rider_044,5.64,1.64,9,2024-01-26
3628,Seattle,rider_049,21.46,0.34,21,2024-02-16
3629,Dallas,rider_002,16.76,3.84,21,2024-03-06
3630,Dallas,rider_053,6.11,1.03,21,2024-03-13
3631,Denver,rider_049,17.92,1.98,6,2024-03-30
3632,Portland,rider_044,4.73,,21,2024-02-12
3633,Portland,rider_052,11.83,1.94,7,2024-03-25
3634,Houston,rider_035,38.48,5.74,20,2024-02-29
3635,Denver,rider_001,17.97,4.4,6,2024-03-08
3636,Dallas,rider_037,32.69,6.73,17,2024-03-14
3637,Dallas,rider_050,37.89,1.06,12,2024-03-10
3638,Seattle,rider_050,18.89,1.5,6,2024-01-21
3639,Portland,rider_042,12.44,3.37,22,2024-03-28
3640,Dallas,rider_010,23.98,,22,2024-04-09
3641,Portland,rider_040,19.04,0.64,20,2024-04-09
3642,Dallas,rider_037,12.22,3.02,9,2024-02-05
3643,Austin,rider_011,7.23,0.97,31,2024-03-06
3644,Dallas,rider_003,12.49,1.52,23,2024-02-18
3645,Dallas,rider_038,10.16,1.38,3,2024-01-08
3646,Houston,rider_056,23.19,3.03,10,2024-01-07
3647,Portland,rider_046,18.95,2.9,23,2024-02-03
3648,Seattle,rider_022,6.87,0.19,23,2024-01-14
3649,Denver,rider_015,12.68,1.48,18,2024-01-16
3650,Denver,rider_028,16.14,,28,2024-01-14
3651,Houston,rider_032,7.56,0.09,7,2024-04-21
3652,Dallas,rider_029,15.66,3.24,24,2024-03-12
3653,Dallas,rider_011,9.84,1.96,8,2024-03-28
3654,Dallas,rider_010,11.2,0.96,23,2024-04-14
3655,Portland,rider_052,19.84,0.34,33,2024-04-26
3656,Houston,rider_056,7.65,1.47,16,2024-03-06
3657,Dallas,rider_024,9.5,0.79,5,2024-04-18
3658,Austin,rider_044,18.29,3.3,3,2024-03-08
3659,Seattle,rider_025,7.6,1.56,24,2024-01-04
3660,Seattle,rider_005,10.27,1.97,23,2024-04-11
3661,Seattle,rider_051,8.08,2.25,20,2024-01-16
3662,Portland,rider_021,5.17,,3,2024-03-16
3663,Denver,rider_051,9.74,1.01,15,2024-01-12
3664,Austin,rider_022,19.61,,14,2024-01-10
3665,Portland,rider_038,22.53,3.87,19,2024-02-17
3666,Austin,rider_003,23.8,3.41,12,2024-04-02
3667,Houston,rider_022,12.38,0.26,12,2024-01-31
3668,Denver,rider_024,23.82,4.08,8,2024-03-30
3669,Seattle,rider_054,8.44,0.02,12,2024-02-02
3670,Dallas,rider_050,29.51,1.07,12,2024-01-14
3671,Portland,rider_019,14.32,1.99,10,2024-02-21
3672,Portland,rider_016,21.62,2.06,13,2024-01-18
3673,Dallas,rider_040,11.83,0.89,26,2024-04-26
3674,Seattle,rider_051,17.68,1.68,27,2024-02-23
3675,Portland,rider_054,6.94,1.68,17,2024-02-11
3676,Portland,rider_018,12.31,1.9,35,2024-04-14
3677,Portland,rider_025,26.99,2.53,6,2024-01-11
3678,Denver,rider_055,6.86,0.47,18,2024-01-15
3679,Dallas,rider_004,18.9,1.46,19,2024-03-26
3680,Houston,rider_031,6.7,0.66,16,2024-02-12
3681,Dallas,rider_034,22.01,0.76,23,2024-03-22
3682,Seattle,rider_025,52.38,12.92,16,2024-04-01
3683,Houston,rider_043,7.6,2.06,17,2024-01-04
3684,Dallas,rider_039,9.98,0.06,20,2024-04-21
3685,Portland,rider_008,10.3,1.94,8,2024-04-09
3686,Seattle,rider_021,6.51,0.91,4,2024-01-12
3687,Houston,rider_056,17.69,0.01,21,2024-03-17
3688,Austin,rider_014,11.49,,26,2024-04-14
3689,Portland,rider_044,16.45,2.61,23,2024-02-10
3690,Portland,rider_055,3.88,,17,2024-01-11
3691,Seattle,rider_057,11.16,1.46,21,2024-04-11
3692,Seattle,rider_055,25.0,5.44,16,2024-01-15
3693,Seattle,rider_032,14.82,2.34,19,2024-01-02
3694,Houston,rider_018,6.95,,3,2024-01-16
3695,Dallas,rider_037,21.36,1.66,20,2024-02-18
3696,Seattle,rider_029,16.31,4.43,16,2024-03-25
3697,Seattle,rider_039,9.06,,21,2024-01-26
3698,Portland,rider_048,12.26,2.2,27,2024-01-24
3699,Dallas,rider_021,38.51,9.71,22,2024-03-14
3700,Portland,rider_046,9.61,,17,2024-03-11
3701,Dallas,rider_059,7.29,1.05,17,2024-01-11
3702,Seattle,rider_017,14.51,3.33,17,2024-03-02
3703,Seattle,rider_011,11.9,0.25,24,2024-02-22
3704,Denver,rider_009,9.93,2.29,7,2024-04-01
3705,Dallas,rider_035,15.22,4.4,12,2024-03-11
3706,Portland,rider_038,19.07,2.37,21,2024-01-16
3707,Austin,rider_031,14.12,0.19,8,2024-01-16
3708,Austin,rider_019,14.24,0.02,18,2024-03-29
3709,Houston,rider_037,12.86,3.04,11,2024-02-12
3710,Seattle,rider_038,15.58,3.9,26,2024-03-01
3711,Dallas,rider_032,8.16,0.92,22,2024-03-03
3712,Seattle,rider_043,20.05,3.11,10,2024-04-06
3713,Houston,rider_051,18.04,3.69,34,2024-02-01
3714,Houston,rider_012,5.83,0.45,19,2024-03-09
3715,Denver,rider_048,14.46,1.1,26,2024-01-14
3716,Houston,rider_011,15.12,0.39,23,2024-02-16
3717,Houston,rider_017,42.1,3.32,16,2024-01-26
3718,Austin,rider_031,18.95,3.92,16,2024-02-10
3719,Houston,rider_026,7.08,0.99,13,2024-04-14
3720,Denver,rider_010,17.62,0.81,15,2024-01-14
3721,Dallas,rider_053,16.6,4.84,9,2024-01-16
3722,Seattle,rider_023,10.7,0.6,26,2024-04-04
3723,Seattle,rider_057,21.46,6.19,24,2024-04-15
3724,Seattle,rider_011,12.45,1.18,24,2024-04-08
3725,Dallas,rider_005,17.96,3.23,21,2024-04-09
3726,Austin,rider_004,12.99,2.19,17,2024-02-01
3727,Houston,rider_052,23.43,,13,2024-02-21
3728,Austin,rider_053,13.27,3.92,27,2024-01-28
3729,Seattle,rider_013,15.53,1.54,26,2024-02-21
3730,Portland,rider_004,96.48,,17,2024-03-09
3731,Houston,rider_041,12.82,3.43,31,2024-04-30
3732,Seattle,rider_040,10.13,2.6,18,2024-02-16
3733,Portland,rider_024,9.54,2.73,24,2024-02-16
3734,Austin,rider_030,22.4,5.62,5,2024-02-07
3735,Dallas,rider_002,13.83,0.07,14,2024-03-22
3736,Houston,rider_040,14.14,1.01,14,2024-03-29
3737,Denver,rider_006,18.43,1.38,3,2024-02-02
3738,Portland,rider_049,15.11,0.28,8,2024-01-11
3739,Denver,rider_010,14.94,3.44,22,2024-01-19
3740,Portland,rider_026,17.78,0.39,13,2024-02-16
3741,Austin,rider_047,17.02,1.84,10,2024-01-16
3742,Portland,rider_046,25.05,4.87,17,2024-01-31
3743,Austin,rider_048,20.08,5.08,25,2024-01-21
3744,Dallas,rider_018,10.1,0.22,29,2024-01-05
3745,Seattle,rider_028,8.72,1.25,3,2024-03-18
3746,Dallas,rider_000,17.7,5.15,5,2024-03-27
3747,Dallas,rider_040,9.93,,15,2024-02-26
3748,Portland,rider_008,7.89,,23,2024-04-16
3749,Houston,rider_012,4.37,0.78,18,2024-03-22
3750,Seattle,rider_041,10.86,2.72,15,2024-03-21
3751,Denver,rider_056,5.77,1.36,27,2024-03-13
3752,Dallas,rider_004,3.08,0.31,16,2024-01-14
3753,Portland,rider_041,12.99,,36,2024-02-13
3754,Denver,rider_038,17.72,0.07,37,2024-01-12
3755,Houston,rider_017,8.41,2.04,18,2024-01-25
3756,Houston,rider_028,9.88,,7,2024-03-30
3757,Dallas,rider_008,7.85,,27,2024-02-02
3758,Seattle,rider_007,18.9,1.53,18,2024-03-05
3759,Denver,rider_034,16.63,2.25,7,2024-03-04
3760,Austin,rider_049,14.26,3.83,17,2024-04-15
3761,Denver,rider_026,16.73,4.71,15,2024-04-11
3762,Seattle,rider_056,11.18,0.72,32,2024-03-13
3763,Denver,rider_011,13.31,3.96,26,2024-01-06
3764,Seattle,rider_035,8.62,1.92,11,2024-02-27
3765,Portland,rider_012,21.57,1.2,20,2024-04-28
3766,Houston,rider_047,6.18,0.1,13,2024-01-06
3767,Houston,rider_027,10.37,,10,2024-02-05
3768,Dallas,rider_023,8.54,1.41,3,2024-02-18
3769,Seattle,rider_027,8.92,2.14,8,2024-01-04
3770,Denver,rider_059,20.78,2.56,13,2024-01-13
3771,Dallas,rider_023,22.81,2.21,10,2024-03-14
3772,Dallas,rider_003,14.89,0.03,10,2024-02-16
3773,Austin,rider_045,6.99,1.33,3,2024-02-12
3774,Houston,rider_026,5.99,0.68,28,2024-03-04
3775,Seattle,rider_058,16.97,2.85,4,2024-04-03
3776,Portland,rider_000,15.35,2.13,14,2024-03-23
3777,Portland,rider_019,16.36,4.1,18,2024-03-25
3778,Dallas,rider_002,12.18,0.09,17,2024-03-11
3779,Dallas,rider_001,19.9,4.7,25,2024-02-02
3780,Denver,rider_000,7.55,0.91,7,2024-04-27
3781,Dallas,rider_026,8.52,2.16,22,2024-02-10
3782,Austin,rider_010,8.82,1.32,12,2024-01-28
3783,Houston,rider_028,10.82,1.71,3,2024-04-20
3784,Portland,rider_030,5.64,1.07,7,2024-02-23
3785,Portland,rider_035,11.55,1.5,11,2024-01-21
3786,Seattle,rider_046,29.18,4.31,27,2024-02-12
3787,Portland,rider_054,9.35,0.78,9,2024-02-12
3788,Denver,rider_037,21.88,2.4,33,2024-02-05
3789,Portland,rider_044,9.78,2.37,27,2024-01-13
3790,Dallas,rider_020,13.02,3.85,26,2024-02-20
3791,Portland,rider_056,19.71,2.68,11,2024-03-24
3792,Denver,rider_025,17.57,4.91,17,2024-03-25
3793,Denver,rider_017,11.8,2.65,18,2024-04-07
3794,Austin,rider_057,40.79,,8,2024-02-06
3795,Seattle,rider_020,12.09,0.56,9,2024-01-11
3796,Dallas,rider_002,17.57,0.5,6,2024-01-26
3797,Houston,rider_008,6.9,0.44,11,2024-04-14
3798,Dallas,rider_046,10.63,0.2,36,2024-04-15
3799,Austin,rider_014,10.41,1.83,8,2024-04-18
3800,Portland,rider_023,26.78,1.23,31,2024-01-08
3801,Seattle,rider_052,10.48,0.58,10,2024-04-24
3802,Denver,rider_054,18.73,3.11,19,2024-02-23
3803,Dallas,rider_002,21.01,6.02,14,2024-03-26
3804,Austin,rider_011,22.03,1.12,7,2024-03-04
3805,Dallas,rider_023,30.8,4.12,11,2024-03-04
3806,Austin,rider_055,5.33,1.22,10,2024-02-04
3807,Houston,rider_006,11.03,2.62,22,2024-04-13
3808,Houston,rider_007,7.05,,3,2024-02-05
3809,Houston,rider_001,14.26,0.41,11,2024-04-24
3810,Portland,rider_054,17.42,1.83,8,2024-03-26
3811,Houston,rider_056,16.67,4.76,18,2024-03-23
3812,Austin,rider_005,11.04,3.18,14,2024-04-01
3813,Dallas,rider_054,11.25,1.35,15,2024-03-03
3814,Portland,rider_041,9.09,2.25,3,2024-02-27
3815,Denver,rider_026,12.73,1.99,14,2024-03-04
3816,Denver,rider_039,16.71,0.64,15,2024-01-18
3817,Houston,rider_045,27.36,2.5,15,2024-02-16
3818,Houston,rider_024,9.57,1.82,34,2024-04-16
3819,Denver,rider_016,3.29,,14,2024-04-11
3820,Denver,rider_030,8.86,1.61,8,2024-01-04
3821,Austin,rider_050,13.14,0.46,25,2024-03-25
3822,Dallas,rider_039,12.3,2.95,21,2024-01-26
3823,Seattle,rider_052,8.45,1.47,36,2024-02-24
3824,Houston,rider_037,10.28,1.72,16,2024-04-13
3825,Houston,rider_033,18.64,0.29,17,2024-01-06
3826,Seattle,rider_047,9.29,2.15,27,2024-03-05
3827,Dallas,rider_031,8.21,0.21,11,2024-04-24
3828,Austin,rider_038,9.26,1.43,7,2024-01-29
3829,Seattle,rider_053,7.03,0.03,20,2024-03-05
3830,Austin,rider_053,5.43,1.21,18,2024-02-04
3831,Dallas,rider_047,12.2,2.56,5,2024-04-12
3832,Austin,rider_023,11.18,,24,2024-01-13
3833,Dallas,rider_048,13.26,2.9,28,2024-01-14
3834,Houston,rider_011,16.97,0.84,20,2024-04-07
3835,Austin,rider_055,20.62,5.32,36,2024-03-13
3836,Houston,rider_009,26.53,3.99,23,2024-04-22
3837,Houston,rider_014,16.12,1.67,24,2024-01-12
3838,Seattle,rider_007,17.45,1.76,19,2024-01-16
3839,Seattle,rider_046,9.85,2.95,19,2024-04-22
3840,Seattle,rider_025,12.18,0.54,16,2024-02-11
3841,Portland,rider_009,27.06,6.55,28,2024-01-12
3842,Denver,rider_041,8.67,0.09,11,2024-01-13
3843,Denver,rider_018,31.76,0.68,7,2024-03-17
3844,Dallas,rider_052,33.95,1.51,23,2024-01-01
3845,Houston,rider_035,6.66,1.5,26,2024-02-15
3846,Denver,rider_043,9.91,2.65,3,2024-04-16
3847,Austin,rider_010,7.69,0.21,11,2024-03-16
3848,Denver,rider_043,11.63,2.26,36,2024-03-26
3849,Houston,rider_010,11.71,2.51,12,2024-04-10
3850,Dallas,rider_040,19.94,0.91,23,2024-04-27
3851,Seattle,rider_020,14.36,1.96,10,2024-03-06
3852,Dallas,rider_017,15.46,1.69,15,2024-01-30
3853,Houston,rider_046,12.89,,24,2024-03-02
3854,Houston,rider_031,6.82,2.0,22,2024-03-20
3855,Dallas,rider_055,4.55,0.77,12,2024-02-15
3856,Dallas,rider_040,5.88,,15,2024-01-02
3857,Houston,rider_046,16.14,,19,2024-04-16
3858,Austin,rider_046,9.48,0.42,3,2024-04-14
3859,Dallas,rider_042,23.32,0.37,16,2024-04-12
3860,Portland,rider_003,26.35,3.95,11,2024-03-22
3861,Dallas,rider_035,8.29,1.17,3,2024-04-14
3862,Seattle,rider_013,10.32,2.75,28,2024-04-13
3863,Seattle,rider_051,28.16,1.11,28,2024-02-16
3864,Austin,rider_034,6.25,0.14,26,2024-03-26
3865,Portland,rider_024,5.34,1.48,16,2024-02-20
3866,Portland,rider_019,9.82,1.14,29,2024-03-20
3867,Denver,rider_022,16.52,3.12,22,2024-02-18
3868,Austin,rider_007,2.42,0.63,24,2024-01-20
3869,Houston,rider_026,30.4,3.35,17,2024-04-21
3870,Houston,rider_019,7.62,0.25,26,2024-01-13
3871,Portland,rider_050,12.11,0.2,22,2024-03-15
3872,Portland,rider_031,32.05,1.58,18,2024-01-20
3873,Houston,rider_025,11.45,1.91,21,2024-03-29
3874,Austin,rider_059,20.79,,22,2024-02-16
3875,Denver,rider_009,9.62,,32,2024-01-28
3876,Houston,rider_058,8.23,0.96,18,2024-03-10
3877,Portland,rider_006,10.38,1.64,17,2024-04-12
3878,Dallas,rider_036,14.68,0.84,37,2024-01-06
3879,Austin,rider_040,11.25,1.27,33,2024-03-10
3880,Seattle,rider_052,9.23,1.84,18,2024-01-18
3881,Seattle,rider_042,31.35,9.35,34,2024-02-08
3882,Seattle,rider_021,19.57,2.3,7,2024-01-22
3883,Houston,rider_010,9.65,0.52,26,2024-01-24
3884,Austin,rider_041,37.78,2.18,3,2024-02-13
3885,Houston,rider_059,41.06,7.73,19,2024-03-10
3886,Seattle,rider_044,11.14,1.15,16,2024-01-07
3887,Seattle,rider_004,7.01,1.46,28,2024-03-14
3888,Denver,rider_015,5.41,1.41,19,2024-01-20
3889,Portland,rider_053,11.61,1.08,29,2024-01-08
3890,Dallas,rider_004,25.13,6.15,28,2024-03-09
3891,Seattle,rider_042,14.49,0.98,25,2024-03-03
3892,Houston,rider_047,20.6,1.59,32,2024-02-16
3893,Austin,rider_033,9.32,2.28,19,2024-03-07
3894,Dallas,rider_011,16.4,1.43,24,2024-03-30
3895,Dallas,rider_033,21.21,5.39,5,2024-02-15
3896,Dallas,rider_038,12.84,1.88,33,2024-03-10
3897,Seattle,rider_039,25.39,3.77,20,2024-03-18
3898,Dallas,rider_054,13.41,2.82,11,2024-03-10
3899,Austin,rider_035,14.09,4.22,15,2024-02-17
3900,Houston,rider_011,13.26,3.52,26,2024-04-18
3901,Seattle,rider_028,17.54,1.04,19,2024-02-07
3902,Houston,rider_021,11.65,1.05,19,2024-02-18
3903,Dallas,rider_029,26.84,2.48,16,2024-02-01
3904,Houston,rider_052,11.11,0.8,9,2024-04-11
3905,Houston,rider_049,24.42,2.09,21,2024-04-02
3906,Denver,rider_019,23.49,3.73,5,2024-03-13
3907,Denver,rider_038,16.71,1.73,21,2024-01-12
3908,Seattle,rider_040,24.84,,6,2024-04-17
3909,Portland,rider_011,20.67,0.59,10,2024-01-29
3910,Denver,rider_002,11.59,0.7,29,2024-01-24
3911,Portland,rider_027,10.26,1.98,23,2024-01-01
3912,Seattle,rider_038,20.65,4.29,36,2024-01-24
3913,Austin,rider_015,16.65,2.84,20,2024-04-17
3914,Portland,rider_012,20.0,5.55,14,2024-03-04
3915,Denver,rider_007,8.95,2.51,26,2024-03-10
3916,Austin,rider_003,14.34,1.0,22,2024-01-03
3917,Austin,rider_004,11.39,2.62,17,2024-03-16
3918,Dallas,rider_059,13.84,0.16,27,2024-03-14
3919,Dallas,rider_017,18.8,5.35,6,2024-03-10
3920,Denver,rider_049,49.77,14.92,8,2024-04-16
3921,Houston,rider_041,12.34,1.92,11,2024-03-18
3922,Portland,rider_029,28.01,0.21,18,2024-03-19
3923,Denver,rider_006,17.01,0.84,20,2024-04-22
3924,Houston,rider_020,10.01,2.6,38,2024-03-27
3925,Denver,rider_059,21.79,6.27,10,2024-03-16
3926,Houston,rider_053,22.6,5.83,13,2024-04-28
3927,Seattle,rider_037,8.69,0.4,14,2024-03-01
3928,Austin,rider_035,10.93,0.3,28,2024-04-24
3929,Austin,rider_008,23.87,6.24,9,2024-04-19
3930,Portland,rider_008,15.09,3.18,3,2024-02-20
3931,Denver,rider_055,18.26,2.25,29,2024-01-26
3932,Austin,rider_010,15.46,1.33,23,2024-04-26
3933,Houston,rider_057,15.02,2.69,10,2024-04-24
3934,Houston,rider_011,29.05,6.42,15,2024-02-22
3935,Portland,rider_012,8.32,,13,2024-04-25
3936,Portland,rider_020,15.98,1.27,32,2024-02-17
3937,Houston,rider_044,19.03,0.86,14,2024-02-02
3938,Seattle,rider_005,15.87,0.59,18,2024-02-07
3939,Austin,rider_023,5.49,0.03,22,2024-02-01
3940,Denver,rider_059,7.48,2.07,19,2024-04-14
3941,Denver,rider_052,37.75,,24,2024-03-20
3942,Portland,rider_048,18.58,2.99,9,2024-01-04
3943,Seattle,rider_016,9.5,0.17,28,2024-03-22
3944,Seattle,rider_002,5.81,1.34,8,2024-04-26
3945,Denver,rider_040,41.16,2.41,16,2024-03-30
3946,Dallas,rider_036,12.43,1.48,21,2024-03-27
3947,Dallas,rider_004,36.3,7.02,27,2024-02-16
3948,Houston,rider_046,11.19,1.98,35,2024-01-13
3949,Denver,rider_052,20.04,5.62,13,2024-02-25
3950,Portland,rider_004,18.56,3.78,19,2024-03-07
3951,Dallas,rider_053,8.19,,28,2024-04-03
3952,Seattle,rider_050,22.64,,21,2024-01-12
3953,Seattle,rider_053,21.52,3.05,22,2024-03-06
3954,Dallas,rider_017,10.06,1.67,33,2024-01-24
3955,Denver,rider_023,6.27,1.75,21,2024-01-07
3956,Seattle,rider_059,9.18,,24,2024-04-24
3957,Houston,rider_032,22.8,1.09,14,2024-04-29
3958,Portland,rider_019,13.15,1.25,27,2024-01-19
3959,Austin,rider_016,4.02,0.7,11,2024-03-15
3960,Portland,rider_042,10.99,,14,2024-01-08
3961,Houston,rider_019,21.48,4.64,16,2024-02-05
3962,Houston,rider_026,8.75,0.09,9,2024-01-24
3963,Seattle,rider_059,9.63,0.96,9,2024-03-27
3964,Houston,rider_054,12.67,2.07,3,2024-04-17
3965,Houston,rider_010,15.4,1.3,8,2024-04-29
3966,Portland,rider_057,9.1,1.7,17,2024-02-05
3967,Houston,rider_057,9.34,0.34,16,2024-03-10
3968,Houston,rider_014,23.05,5.12,22,2024-01-15
3969,Austin,rider_037,26.29,1.01,15,2024-01-03
3970,Houston,rider_028,25.48,3.28,25,2024-02-26
3971,Denver,rider_048,7.98,0.81,26,2024-04-05
3972,Houston,rider_027,13.51,1.15,22,2024-02-03
3973,Houston,rider_007,11.09,0.91,16,2024-03-07
3974,Seattle,rider_027,6.06,1.23,11,2024-04-01
3975,Dallas,rider_052,50.05,7.41,22,2024-04-23
3976,Seattle,rider_046,5.73,0.52,16,2024-03-01
3977,Houston,rider_002,33.69,0.27,26,2024-01-25
3978,Seattle,rider_006,14.28,2.03,36,2024-04-11
3979,Austin,rider_038,10.11,,15,2024-01-24
3980,Austin,rider_011,5.63,1.38,24,2024-04-02
3981,Houston,rider_000,11.33,2.37,34,2024-01-15
3982,Dallas,rider_013,11.21,2.99,10,2024-01-18
3983,Austin,rider_005,15.46,4.02,24,2024-02-03
3984,Portland,rider_045,6.42,1.64,4,2024-04-09
3985,Denver,rider_025,27.48,2.93,3,2024-04-16
3986,Seattle,rider_021,14.0,1.16,3,2024-03-15
3987,Houston,rider_017,9.55,0.64,19,2024-03-05
3988,Seattle,rider_028,23.75,0.52,14,2024-03-17
3989,Dallas,rider_027,9.11,1.04,9,2024-03-23
3990,Portland,rider_013,11.88,0.86,25,2024-04-08
3991,Seattle,rider_050,24.7,,14,2024-02-11
3992,Portland,rider_042,14.06,4.16,21,2024-01-31
3993,Seattle,rider_049,9.13,0.02,16,2024-01-09
3994,Portland,rider_058,13.81,3.89,23,2024-04-12
3995,Dallas,rider_002,30.93,4.31,3,2024-02-22
3996,Denver,rider_045,3.67,1.04,9,2024-01-18
3997,Dallas,rider_006,18.35,,18,2024-02-23
3998,Denver,rider_031,37.29,,21,2024-02-20
3999,Dallas,rider_015,17.22,2.8,5,2024-01-12
4000,Dallas,rider_033,5.41,1.0,7,2024-01-02
4001,Seattle,rider_037,71.83,14.9,27,2024-02-02
4002,Houston,rider_057,29.06,3.04,13,2024-01-22
4003,Portland,rider_001,12.95,2.4,28,2024-03-30
4004,Denver,rider_036,27.88,2.31,24,2024-04-02
4005,Seattle,rider_035,14.9,3.1,27,2024-01-08
4006,Seattle,rider_048,11.55,2.48,20,2024-01-03
4007,Dallas,rider_043,15.0,2.34,13,2024-04-18
4008,Houston,rider_014,13.36,3.98,12,2024-04-29
4009,Denver,rider_058,5.06,,13,2024-01-26
4010,Seattle,rider_040,16.9,1.84,26,2024-03-03
4011,Portland,rider_032,49.7,10.43,24,2024-04-25
4012,Dallas,rider_004,16.59,3.2,26,2024-03-29
4013,Austin,rider_048,8.35,1.69,17,2024-01-14
4014,Seattle,rider_058,11.46,,15,2024-04-24
4015,Austin,rider_016,7.21,0.15,37,2024-04-01
4016,Dallas,rider_026,14.91,2.88,17,2024-03-31
4017,Portland,rider_025,7.18,0.24,14,2024-03-04
4018,Houston,rider_030,8.33,0.55,8,2024-01-15
4019,Dallas,rider_037,24.18,7.16,17,2024-03-18
4020,Denver,rider_012,7.95,1.86,27,2024-04-11
4021,Portland,rider_053,11.81,0.48,12,2024-01-09
4022,Dallas,rider_006,14.42,2.35,17,2024-03-07
4023,Houston,rider_033,11.73,3.27,10,2024-01-10
4024,Houston,rider_018,24.69,5.48,24,2024-03-23
4025,Portland,rider_038,8.71,0.36,13,2024-01-17
4026,Denver,rider_024,22.95,4.91,18,2024-02-19
4027,Portland,rider_009,5.12,,20,2024-01-15
4028,Denver,rider_014,5.97,0.88,24,2024-01-15
4029,Austin,rider_008,7.88,0.67,14,2024-01-17
4030,Portland,rider_027,6.19,0.82,22,2024-03-24
4031,Portland,rider_034,11.77,2.12,14,2024-01-05
4032,Seattle,rider_021,24.59,5.92,30,2024-03-20
4033,Austin,rider_053,4.31,,24,2024-04-07
4034,Dallas,rider_011,32.25,8.04,5,2024-01-14
4035,Portland,rider_025,7.8,2.29,35,2024-04-23
4036,Austin,rider_044,13.99,1.74,22,2024-03-31
4037,Seattle,rider_003,16.01,0.8,12,2024-04-29
4038,Houston,rider_034,8.9,2.16,30,2024-01-06
4039,Portland,rider_013,67.26,4.02,3,2024-03-03
4040,Houston,rider_007,18.44,0.68,14,2024-02-13
4041,Houston,rider_033,10.95,0.1,3,2024-03-08
4042,Austin,rider_029,17.53,4.49,10,2024-02-14
4043,Seattle,rider_010,41.96,7.41,18,2024-02-08
4044,Denver,rider_012,16.02,0.51,14,2024-03-08
4045,Austin,rider_036,18.47,5.45,24,2024-04-10
4046,Houston,rider_004,58.53,9.49,23,2024-01-03
4047,Austin,rider_014,10.24,,16,2024-01-07
4048,Denver,rider_014,22.49,3.24,19,2024-02-23
4049,Houston,rider_025,13.97,1.63,22,2024-03-07
4050,Seattle,rider_007,7.27,,18,2024-04-24
4051,Denver,rider_059,15.86,0.75,18,2024-03-28
4052,Austin,rider_041,12.94,0.02,20,2024-01-25
4053,Seattle,rider_008,17.8,2.46,23,2024-04-19
4054,Austin,rider_030,12.6,0.79,6,2024-03-31
4055,Dallas,rider_011,28.69,2.84,26,2024-01-08
4056,Seattle,rider_025,12.25,3.32,16,2024-02-20
4057,Seattle,rider_018,6.2,0.85,27,2024-03-27
4058,Houston,rider_045,15.0,4.46,17,2024-01-20
4059,Denver,rider_058,19.09,2.52,21,2024-04-19
4060,Austin,rider_051,18.51,,23,2024-02-25
4061,Denver,rider_047,22.41,5.19,15,2024-03-02
4062,Austin,rider_003,20.01,4.22,39,2024-03-12
4063,Houston,rider_006,13.56,3.05,20,2024-01-07
4064,Dallas,rider_029,18.48,3.12,21,2024-03-28
4065,Portland,rider_055,9.84,2.46,15,2024-04-18
4066,Seattle,rider_031,44.81,5.91,4,2024-03-23
4067,Dallas,rider_028,10.79,2.45,41,2024-04-07
4068,Portland,rider_046,13.6,3.71,13,2024-04-24
4069,Austin,rider_052,15.4,0.05,27,2024-01-19
4070,Denver,rider_019,33.24,5.74,3,2024-02-12
4071,Houston,rider_009,6.99,1.41,16,2024-02-23
4072,Seattle,rider_004,15.05,,29,2024-03-30
4073,Portland,rider_027,27.05,,18,2024-03-04
4074,Portland,rider_017,6.25,0.22,21,2024-01-26
4075,Austin,rider_003,15.29,1.67,15,2024-01-26
4076,Portland,rider_018,11.94,2.97,5,2024-03-19
4077,Houston,rider_028,5.77,1.41,14,2024-01-05
4078,Portland,rider_000,9.79,0.42,34,2024-01-05
4079,Portland,rider_025,26.55,7.88,19,2024-03-06
4080,Denver,rider_007,8.58,2.4,14,2024-01-04
4081,Seattle,rider_049,9.2,0.56,6,2024-01-29
4082,Denver,rider_048,13.4,,7,2024-02-12
4083,Denver,rider_038,11.64,2.56,18,2024-02-27
4084,Denver,rider_035,18.54,5.18,4,2024-04-16
4085,Portland,rider_007,7.44,0.89,26,2024-02-19
4086,Portland,rider_011,7.72,1.89,26,2024-01-21
4087,Austin,rider_041,12.35,2.68,18,2024-02-09
4088,Portland,rider_022,9.27,1.35,4,2024-02-06
4089,Portland,rider_024,14.99,,10,2024-01-21
4090,Houston,rider_007,17.25,4.93,15,2024-01-14
4091,Portland,rider_013,11.47,2.14,19,2024-02-08
4092,Seattle,rider_054,18.46,2.5,17,2024-02-21
4093,Dallas,rider_032,44.4,10.85,22,2024-03-23
4094,Dallas,rider_053,10.34,1.8,20,2024-02-24
4095,Dallas,rider_013,11.16,,15,2024-03-16
4096,Austin,rider_013,9.65,1.17,17,2024-02-19
4097,Seattle,rider_041,12.58,0.55,16,2024-01-21
4098,Austin,rider_029,14.32,0.16,19,2024-01-26
4099,Austin,rider_002,26.63,3.0,30,2024-01-26
4100,Denver,rider_002,14.68,4.08,22,2024-03-28
4101,Seattle,rider_028,16.08,1.71,14,2024-03-21
4102,Denver,rider_040,13.41,3.09,19,2024-04-05
4103,Austin,rider_008,11.13,3.1,6,2024-04-14
4104,Austin,rider_048,9.07,0.66,26,2024-01-26
4105,Austin,rider_031,5.47,0.56,4,2024-04-30
4106,Dallas,rider_022,12.73,1.41,29,2024-02-25
4107,Austin,rider_032,11.37,0.34,20,2024-02-09
4108,Seattle,rider_038,7.16,0.34,13,2024-04-02
4109,Austin,rider_049,17.09,3.75,29,2024-02-13
4110,Austin,rider_001,15.54,0.27,21,2024-03-14
4111,Denver,rider_037,4.89,0.91,22,2024-03-22
4112,Denver,rider_002,10.84,1.35,11,2024-04-02
4113,Houston,rider_001,9.07,1.85,20,2024-01-18
4114,Portland,rider_057,24.78,0.74,17,2024-02-27
4115,Seattle,rider_003,23.8,1.14,6,2024-01-22
4116,Portland,rider_027,8.52,1.06,22,2024-03-21
4117,Houston,rider_035,18.96,0.49,19,2024-03-23
4118,Houston,rider_026,11.6,2.66,19,2024-03-20
4119,Portland,rider_010,13.69,1.08,10,2024-03-02
4120,Portland,rider_002,11.59,0.26,15,2024-04-17
4121,Portland,rider_036,17.41,1.16,8,2024-04-17
4122,Dallas,rider_025,15.95,0.98,17,2024-04-25
4123,Denver,rider_000,17.22,0.94,13,2024-03-14
4124,Dallas,rider_058,8.82,2.4,21,2024-01-30
4125,Seattle,rider_039,10.82,2.49,24,2024-01-16
4126,Houston,rider_053,20.3,5.54,8,2024-01-03
4127,Denver,rider_020,11.53,2.21,18,2024-04-14
4128,Portland,rider_013,9.28,0.8,14,2024-03-06
4129,Houston,rider_027,13.5,1.04,26,2024-04-21
4130,Austin,rider_011,6.56,1.5,20,2024-03-13
4131,Houston,rider_006,18.55,1.77,22,2024-04-29
4132,Portland,rider_035,35.24,3.15,27,2024-01-18
4133,Portland,rider_045,23.07,,27,2024-02-27
4134,Seattle,rider_028,6.68,0.85,29,2024-03-01
4135,Seattle,rider_055,13.7,0.11,15,2024-01-17
4136,Houston,rider_033,12.3,0.81,19,2024-01-26
4137,Denver,rider_012,19.81,1.06,25,2024-01-23
4138,Portland,rider_027,15.46,2.02,27,2024-03-07
4139,Dallas,rider_019,26.46,1.6,16,2024-03-16
4140,Austin,rider_002,31.82,2.88,33,2024-03-10
4141,Portland,rider_023,4.19,0.52,13,2024-04-20
4142,Portland,rider_058,12.25,0.93,26,2024-01-27
4143,Houston,rider_013,3.87,0.17,19,2024-04-10
4144,Seattle,rider_055,11.77,,12,2024-03-07
4145,Seattle,rider_029,92.1,10.82,23,2024-01-17
4146,Seattle,rider_052,7.62,0.52,20,2024-04-12
4147,Portland,rider_004,10.52,2.66,19,2024-04-03
4148,Austin,rider_021,11.22,2.29,23,2024-01-23
4149,Houston,rider_035,8.91,1.12,17,2024-03-18
4150,Denver,rider_059,24.65,6.67,31,2024-02-17
4151,Seattle,rider_050,13.91,1.07,15,2024-01-07
4152,Houston,rider_002,12.16,0.49,17,2024-03-24
4153,Dallas,rider_028,21.03,2.54,19,2024-01-27
4154,Portland,rider_003,6.77,1.11,21,2024-01-06
4155,Houston,rider_019,11.67,3.22,25,2024-02-27
4156,Denver,rider_006,5.59,0.21,4,2024-04-27
4157,Austin,rider_044,33.26,,20,2024-04-03
4158,Seattle,rider_021,12.36,2.24,22,2024-03-11
4159,Denver,rider_034,12.05,0.46,7,2024-03-21
4160,Austin,rider_052,17.67,5.0,16,2024-04-04
4161,Houston,rider_047,9.88,0.02,17,2024-04-30
4162,Dallas,rider_023,18.76,0.8,22,2024-02-23
4163,Denver,rider_053,15.67,0.7,14,2024-01-18
4164,Dallas,rider_012,7.78,1.08,27,2024-02-10
4165,Portland,rider_038,16.99,4.78,17,2024-02-03
4166,Seattle,rider_003,10.59,1.72,21,2024-02-20
4167,Austin,rider_053,14.71,3.55,29,2024-02-28
4168,Denver,rider_027,23.27,0.28,9,2024-02-09
4169,Austin,rider_034,8.07,1.98,13,2024-01-12
4170,Portland,rider_005,38.62,2.88,5,2024-04-11
4171,Denver,rider_007,21.64,3.19,4,2024-03-06
4172,Portland,rider_039,14.55,3.53,14,2024-04-21
4173,Dallas,rider_034,6.76,,27,2024-02-03
4174,Austin,rider_029,19.18,3.91,18,2024-04-17
4175,Dallas,rider_030,11.97,3.26,3,2024-01-08
4176,Seattle,rider_023,17.73,1.05,23,2024-03-10
4177,Houston,rider_045,15.9,3.74,11,2024-04-01
4178,Denver,rider_017,8.69,1.14,7,2024-03-17
4179,Houston,rider_005,11.07,0.5,25,2024-01-08
4180,Portland,rider_054,6.53,0.02,18,2024-02-01
4181,Austin,rider_007,25.28,6.39,20,2024-04-05
4182,Houston,rider_016,3.61,0.05,13,2024-01-23
4183,Denver,rider_013,6.22,1.8,23,2024-04-22
4184,Portland,rider_048,21.48,6.17,31,2024-01-19
4185,Houston,rider_013,9.71,1.41,36,2024-04-08
4186,Houston,rider_025,9.85,2.22,17,2024-03-12
4187,Houston,rider_051,12.46,0.66,5,2024-04-29
4188,Seattle,rider_017,23.76,1.16,20,2024-02-01
4189,Austin,rider_021,7.9,1.21,29,2024-04-29
4190,Houston,rider_001,19.34,1.8,25,2024-02-21
4191,Seattle,rider_013,7.53,1.2,28,2024-04-12
4192,Austin,rider_029,28.51,4.47,3,2024-03-24
4193,Houston,rider_056,26.22,3.65,25,2024-04-13
4194,Portland,rider_016,11.9,0.89,27,2024-03-13
4195,Dallas,rider_030,16.2,2.93,25,2024-01-31
4196,Portland,rider_026,8.18,1.47,11,2024-01-23
4197,Seattle,rider_012,14.28,3.7,34,2024-02-03
4198,Houston,rider_056,13.06,0.06,13,2024-03-21
4199,Dallas,rider_031,18.49,4.9,6,2024-03-17
4200,Seattle,rider_008,4.84,0.51,3,2024-01-11
4201,Portland,rider_013,10.87,1.34,25,2024-01-04
4202,Portland,rider_003,10.38,0.95,5,2024-03-01
4203,Austin,rider_019,14.4,,3,2024-02-09
4204,Denver,rider_001,11.68,2.02,35,2024-03-28
4205,Portland,rider_026,22.07,4.72,10,2024-02-21
4206,Dallas,rider_036,9.49,1.67,24,2024-04-01
4207,Denver,rider_035,13.09,,18,2024-04-07
4208,Houston,rider_037,25.01,1.73,17,2024-03-26
4209,Denver,rider_056,7.69,0.65,22,2024-01-12
4210,Denver,rider_051,18.64,4.17,4,2024-01-20
4211,Seattle,rider_059,6.78,0.46,21,2024-02-05
4212,Denver,rider_012,22.41,1.3,12,2024-04-10
4213,Seattle,rider_044,11.92,,19,2024-02-10
4214,Portland,rider_020,4.25,0.16,29,2024-02-12
4215,Seattle,rider_020,17.21,1.28,7,2024-01-06
4216,Houston,rider_012,5.55,1.4,9,2024-03-17
4217,Denver,rider_034,15.53,2.01,21,2024-02-26
4218,Denver,rider_047,9.61,2.12,27,2024-02-05
4219,Austin,rider_015,9.7,2.15,13,2024-01-12
4220,Houston,rider_001,29.04,6.02,13,2024-03-21
4221,Austin,rider_052,14.56,0.64,16,2024-02-16
4222,Austin,rider_028,24.78,1.94,4,2024-03-21
4223,Austin,rider_025,29.1,3.37,3,2024-03-02
4224,Denver,rider_049,6.99,1.77,8,2024-03-14
4225,Seattle,rider_037,22.56,6.34,16,2024-01-02
4226,Dallas,rider_044,14.22,1.04,18,2024-01-10
4227,Denver,rider_058,18.06,3.02,15,2024-02-29
4228,Dallas,rider_009,14.18,4.23,16,2024-03-06
4229,Austin,rider_058,24.84,,20,2024-04-26
4230,Denver,rider_049,15.77,3.15,16,2024-04-20
4231,Dallas,rider_026,4.7,0.63,16,2024-03-30
4232,Houston,rider_038,11.15,,7,2024-01-10
4233,Dallas,rider_032,13.07,0.29,21,2024-02-27
4234,Denver,rider_017,8.07,0.66,11,2024-02-20
4235,Denver,rider_045,8.35,2.04,3,2024-01-03
4236,Houston,rider_031,14.21,2.34,20,2024-03-06
4237,Austin,rider_002,7.72,1.68,23,2024-01-23
4238,Denver,rider_013,8.67,1.52,12,2024-01-09
4239,Houston,rider_011,18.77,3.23,17,2024-04-06
4240,Houston,rider_047,16.99,0.83,14,2024-01-06
4241,Seattle,rider_005,12.92,2.0,24,2024-02-01
4242,Portland,rider_025,19.66,0.29,9,2024-03-19
4243,Denver,rider_004,21.12,2.51,29,2024-03-28
4244,Seattle,rider_011,7.39,0.85,27,2024-02-11
4245,Austin,rider_049,9.81,1.17,26,2024-03-17
4246,Seattle,rider_000,7.0,1.61,3,2024-02-16
4247,Dallas,rider_048,9.89,1.17,20,2024-01-17
4248,Dallas,rider_055,16.05,3.07,6,2024-01-10
4249,Seattle,rider_017,8.74,1.45,14,2024-04-19
4250,Denver,rider_056,6.86,1.42,19,2024-04-01
4251,Seattle,rider_038,10.33,1.0,32,2024-04-27
4252,Denver,rider_011,16.22,0.76,27,2024-04-06
4253,Portland,rider_008,13.83,0.1,20,2024-03-02
4254,Portland,rider_032,21.5,3.86,18,2024-02-21
4255,Denver,rider_016,26.45,6.65,3,2024-04-18
4256,Austin,rider_019,4.79,0.14,30,2024-02-06
4257,Houston,rider_008,12.6,0.54,11,2024-02-21
4258,Houston,rider_033,13.65,0.84,16,2024-04-07
4259,Dallas,rider_024,25.59,,34,2024-03-13
4260,Portland,rider_026,13.31,0.96,21,2024-01-04
4261,Austin,rider_055,8.95,0.94,13,2024-01-12
4262,Denver,rider_003,16.1,1.34,18,2024-04-16
4263,Austin,rider_027,17.98,3.48,29,2024-01-19
4264,Denver,rider_002,8.56,0.37,3,2024-01-24
4265,Denver,rider_041,23.81,,15,2024-04-04
4266,Houston,rider_053,19.82,0.36,15,2024-01-19
4267,Dallas,rider_051,40.48,1.62,19,2024-03-15
4268,Portland,rider_042,13.12,,24,2024-02-08
4269,Seattle,rider_014,20.92,4.45,18,2024-03-09
4270,Seattle,rider_047,14.87,1.27,12,2024-01-27
4271,Denver,rider_002,17.58,3.97,7,2024-02-02
4272,Houston,rider_045,35.18,0.03,3,2024-01-01
4273,Austin,rider_019,25.69,5.74,12,2024-04-21
4274,Portland,rider_029,16.64,2.07,14,2024-03-25
4275,Austin,rider_030,12.8,1.93,25,2024-02-06
4276,Portland,rider_001,30.71,8.89,20,2024-03-02
4277,Dallas,rider_055,16.61,2.77,13,2024-03-18
4278,Houston,rider_031,16.67,0.96,29,2024-01-03
4279,Denver,rider_008,15.22,,21,2024-02-04
4280,Denver,rider_013,10.18,1.24,3,2024-01-29
4281,Seattle,rider_059,10.53,0.22,23,2024-04-11
4282,Houston,rider_036,21.53,2.01,30,2024-01-07
4283,Denver,rider_013,9.25,,24,2024-02-24
4284,Houston,rider_033,23.77,2.53,18,2024-02-12
4285,Seattle,rider_054,16.97,1.8,24,2024-01-20
4286,Dallas,rider_016,7.18,2.08,11,2024-04-27
4287,Houston,rider_036,29.54,8.29,16,2024-03-03
4288,Austin,rider_056,3.9,1.14,38,2024-01-04
4289,Austin,rider_047,17.15,3.86,20,2024-02-27
4290,Austin,rider_036,21.78,0.39,29,2024-02-18
4291,Portland,rider_036,40.72,7.35,8,2024-02-14
4292,Austin,rider_012,21.11,2.67,12,2024-02-16
4293,Austin,rider_029,32.49,,15,2024-04-27
4294,Portland,rider_018,13.6,2.41,24,2024-04-07
4295,Seattle,rider_058,13.64,1.47,18,2024-03-16
4296,Dallas,rider_029,13.87,3.01,4,2024-03-16
4297,Austin,rider_030,5.31,1.08,9,2024-02-24
4298,Dallas,rider_045,5.33,1.37,20,2024-02-11
4299,Denver,rider_027,9.83,2.33,6,2024-04-07
4300,Houston,rider_023,28.11,3.4,21,2024-01-29
4301,Dallas,rider_006,11.8,1.52,5,2024-04-18
4302,Dallas,rider_035,11.11,0.88,27,2024-01-29
4303,Denver,rider_033,9.74,2.86,7,2024-03-08
4304,Denver,rider_028,10.67,0.78,23,2024-04-01
4305,Dallas,rider_020,6.78,1.74,13,2024-04-01
4306,Dallas,rider_019,7.4,0.2,9,2024-03-15
4307,Austin,rider_003,16.45,,23,2024-04-21
4308,Houston,rider_034,14.07,3.35,32,2024-02-13
4309,Austin,rider_045,17.37,3.72,9,2024-02-09
4310,Seattle,rider_022,9.27,2.0,27,2024-03-09
4311,Austin,rider_044,13.89,1.53,25,2024-03-01
4312,Seattle,rider_017,11.29,2.53,3,2024-02-03
4313,Portland,rider_047,8.23,1.65,12,2024-03-20
4314,Dallas,rider_033,12.62,,3,2024-03-21
4315,Portland,rider_044,16.81,1.47,11,2024-02-02
4316,Portland,rider_036,15.14,0.88,15,2024-02-04
4317,Denver,rider_021,7.57,0.77,18,2024-04-25
4318,Portland,rider_016,10.3,0.8,15,2024-01-28
4319,Seattle,rider_032,10.35,2.97,21,2024-01-12
4320,Austin,rider_034,37.57,6.94,9,2024-01-23
4321,Houston,rider_008,29.57,5.65,29,2024-04-24
4322,Austin,rider_058,37.05,3.5,13,2024-04-16
4323,Portland,rider_011,7.65,0.55,9,2024-02-01
4324,Seattle,rider_020,13.62,,15,2024-03-01
4325,Dallas,rider_005,15.32,0.55,12,2024-01-12
4326,Seattle,rider_045,16.9,3.31,9,2024-04-22
4327,Portland,rider_041,16.08,4.4,3,2024-02-10
4328,Dallas,rider_047,7.47,,15,2024-01-03
4329,Seattle,rider_018,9.79,,19,2024-01-19
4330,Seattle,rider_053,15.46,2.17,10,2024-02-07
4331,Seattle,rider_013,8.14,0.67,11,2024-02-10
4332,Portland,rider_000,16.3,3.94,17,2024-02-13
4333,Houston,rider_033,10.27,2.31,14,2024-02-04
4334,Houston,rider_007,19.0,4.63,16,2024-02-05
4335,Austin,rider_052,20.06,2.42,37,2024-03-09
4336,Seattle,rider_059,8.63,0.45,3,2024-01-02
4337,Houston,rider_008,7.33,1.67,4,2024-03-24
4338,Dallas,rider_032,9.28,0.47,21,2024-04-01
4339,Seattle,rider_037,11.46,1.27,4,2024-01-13
4340,Portland,rider_026,26.01,6.72,3,2024-02-10
4341,Portland,rider_047,23.47,2.13,22,2024-01-25
4342,Seattle,rider_055,11.1,0.01,22,2024-02-09
4343,Denver,rider_058,17.78,4.37,21,2024-02-19
4344,Portland,rider_014,11.39,3.19,10,2024-01-30
4345,Austin,rider_013,16.62,4.18,15,2024-03-25
4346,Denver,rider_005,15.29,4.55,6,2024-04-24
4347,Dallas,rider_018,25.02,4.46,15,2024-03-09
4348,Austin,rider_014,20.95,4.18,22,2024-01-11
4349,Houston,rider_022,13.32,3.57,19,2024-01-31
4350,Dallas,rider_018,7.95,1.12,24,2024-02-19
4351,Portland,rider_042,15.13,3.45,16,2024-01-16
4352,Portland,rider_056,7.46,0.79,16,2024-02-11
4353,Seattle,rider_046,20.86,3.59,12,2024-02-23
4354,Dallas,rider_041,23.46,6.15,27,2024-02-19
4355,Dallas,rider_059,16.31,1.11,26,2024-04-26
4356,Seattle,rider_032,11.12,0.8,28,2024-02-17
4357,Seattle,rider_010,19.35,3.34,11,2024-01-30
4358,Seattle,rider_037,10.25,2.55,26,2024-03-26
4359,Portland,rider_030,11.54,1.43,10,2024-04-21
4360,Dallas,rider_054,21.57,1.52,8,2024-03-04
4361,Seattle,rider_047,37.78,4.01,20,2024-04-09
4362,Portland,rider_029,9.79,,16,2024-01-23
4363,Portland,rider_045,20.42,5.83,18,2024-01-11
4364,Denver,rider_016,9.54,0.11,33,2024-04-12
4365,Portland,rider_010,14.58,2.72,14,2024-02-05
4366,Denver,rider_048,17.42,2.94,16,2024-01-23
4367,Portland,rider_022,12.58,3.2,18,2024-03-21
4368,Austin,rider_021,11.46,2.51,6,2024-03-21
4369,Dallas,rider_017,9.58,,18,2024-03-01
4370,Denver,rider_012,24.5,,13,2024-02-29
4371,Portland,rider_002,9.83,2.01,7,2024-02-05
4372,Austin,rider_035,7.13,1.98,18,2024-02-02
4373,Austin,rider_047,11.01,1.61,30,2024-01-27
4374,Austin,rider_013,10.87,1.21,8,2024-01-19
4375,Seattle,rider_027,19.78,5.59,16,2024-01-20
4376,Portland,rider_000,14.81,0.97,16,2024-02-05
4377,Seattle,rider_027,21.75,3.32,9,2024-03-22
4378,Seattle,rider_017,10.95,3.18,16,2024-04-09
4379,Denver,rider_031,8.93,1.65,22,2024-03-09
4380,Portland,rider_006,15.54,3.38,29,2024-04-18
4381,Austin,rider_059,11.81,1.28,39,2024-02-16
4382,Dallas,rider_041,12.16,2.64,14,2024-04-20
4383,Austin,rider_024,19.64,2.92,25,2024-02-13
4384,Houston,rider_053,24.32,1.07,16,2024-03-10
4385,Dallas,rider_042,26.09,2.93,29,2024-01-08
4386,Denver,rider_019,9.62,2.5,32,2024-03-05
4387,Houston,rider_019,24.36,5.14,12,2024-02-01
4388,Houston,rider_043,24.33,3.73,9,2024-01-20
4389,Seattle,rider_058,12.28,1.6,14,2024-01-31
4390,Seattle,rider_057,7.32,1.66,7,2024-02-26
4391,Austin,rider_017,6.0,0.21,20,2024-01-20
4392,Austin,rider_001,11.42,0.0,10,2024-01-18
4393,Austin,rider_034,20.6,,16,2024-01-31
4394,Portland,rider_025,5.62,0.99,23,2024-02-24
4395,Portland,rider_029,30.4,9.0,25,2024-04-30
4396,Portland,rider_012,32.77,7.5,16,2024-03-18
4397,Austin,rider_045,22.68,6.21,20,2024-04-03
4398,Austin,rider_051,7.06,1.54,5,2024-02-09
4399,Portland,rider_004,6.63,1.93,44,2024-02-14
4400,Portland,rider_056,18.09,0.79,3,2024-01-22
4401,Seattle,rider_011,19.14,0.14,22,2024-04-02
4402,Dallas,rider_031,23.32,2.66,28,2024-03-16
4403,Dallas,rider_008,27.01,5.06,3,2024-03-22
4404,Austin,rider_023,9.2,1.84,3,2024-01-06
4405,Portland,rider_012,12.21,0.37,17,2024-02-25
4406,Dallas,rider_029,8.53,2.52,33,2024-01-05
4407,Dallas,rider_011,10.04,0.19,16,2024-01-08
4408,Austin,rider_013,17.6,0.8,23,2024-04-25
4409,Austin,rider_005,7.89,0.61,25,2024-03-03
4410,Portland,rider_057,24.79,2.95,32,2024-01-07
4411,Dallas,rider_047,17.0,,23,2024-01-29
4412,Seattle,rider_012,11.75,1.87,19,2024-04-29
4413,Austin,rider_043,44.66,9.32,21,2024-03-27
4414,Dallas,rider_056,21.33,5.48,9,2024-04-22
4415,Houston,rider_033,12.48,3.02,38,2024-02-23
4416,Houston,rider_018,14.28,3.92,25,2024-01-23
4417,Portland,rider_040,20.75,3.65,15,2024-02-11
4418,Houston,rider_046,10.88,,12,2024-03-26
4419,Seattle,rider_003,5.76,0.99,12,2024-01-30
4420,Denver,rider_019,16.6,1.18,22,2024-04-18
4421,Austin,rider_048,38.53,1.32,36,2024-04-29
4422,Houston,rider_056,7.72,1.66,13,2024-01-19
4423,Dallas,rider_003,9.56,0.67,26,2024-02-09
4424,Denver,rider_014,13.48,0.74,24,2024-02-02
4425,Denver,rider_015,13.61,3.5,12,2024-01-28
4426,Portland,rider_036,7.83,0.73,29,2024-04-03
4427,Austin,rider_028,15.95,3.35,20,2024-03-14
4428,Houston,rider_012,13.54,1.8,9,2024-01-29
4429,Austin,rider_051,9.54,1.78,10,2024-02-21
4430,Denver,rider_047,18.25,0.55,20,2024-02-29
4431,Seattle,rider_040,16.48,4.15,13,2024-03-04
4432,Seattle,rider_052,12.59,0.26,26,2024-03-15
4433,Austin,rider_012,9.53,1.66,28,2024-01-18
4434,Portland,rider_029,16.56,3.7,26,2024-04-09
4435,Portland,rider_013,20.14,5.72,30,2024-04-23
4436,Dallas,rider_055,14.89,1.87,22,2024-03-09
4437,Austin,rider_008,18.67,4.51,15,2024-03-31
4438,Austin,rider_044,13.54,,24,2024-04-08
4439,Seattle,rider_045,14.37,,19,2024-01-23
4440,Dallas,rider_048,17.56,3.42,16,2024-04-10
4441,Dallas,rider_038,5.08,0.76,26,2024-01-31
4442,Houston,rider_007,21.03,1.12,23,2024-02-07
4443,Dallas,rider_054,10.08,2.03,25,2024-02-28
4444,Denver,rider_034,25.43,5.04,12,2024-03-16
4445,Seattle,rider_018,22.59,2.65,22,2024-02-01
4446,Houston,rider_056,12.94,0.84,23,2024-03-15
4447,Dallas,rider_044,11.44,,20,2024-04-04
4448,Austin,rider_039,37.46,1.65,19,2024-04-09
4449,Seattle,rider_034,7.2,0.89,17,2024-02-15
4450,Portland,rider_033,12.75,0.83,14,2024-03-19
4451,Dallas,rider_041,23.05,0.84,26,2024-03-01
4452,Dallas,rider_022,15.36,3.9,21,2024-03-12
4453,Dallas,rider_010,7.53,,29,2024-03-02
4454,Seattle,rider_004,6.94,0.35,22,2024-02-12
4455,Denver,rider_024,13.63,0.02,14,2024-01-29
4456,Houston,rider_027,26.82,0.2,25,2024-03-10
4457,Seattle,rider_000,20.6,2.02,20,2024-02-28
4458,Dallas,rider_024,14.35,3.94,16,2024-03-04
4459,Houston,rider_003,17.52,0.31,31,2024-04-06
4460,Dallas,rider_053,11.62,2.98,13,2024-01-11
4461,Houston,rider_018,28.96,1.34,18,2024-02-10
4462,Portland,rider_059,17.13,1.92,16,2024-01-17
4463,Portland,rider_039,6.12,1.2,24,2024-03-31
4464,Houston,rider_030,9.59,0.25,21,2024-01-14
4465,Denver,rider_041,16.84,1.28,14,2024-01-24
4466,Houston,rider_026,31.82,,17,2024-01-09
4467,Denver,rider_043,20.47,,8,2024-02-18
4468,Seattle,rider_052,39.42,6.71,17,2024-02-02
4469,Austin,rider_012,11.17,0.75,26,2024-02-17
4470,Portland,rider_004,13.85,1.95,22,2024-01-18
4471,Austin,rider_043,26.05,1.75,15,2024-03-16
4472,Houston,rider_041,8.88,1.88,22,2024-02-07
4473,Denver,rider_042,8.04,0.56,8,2024-02-10
4474,Seattle,rider_022,4.13,0.63,24,2024-02-13
4475,Houston,rider_036,13.69,,17,2024-04-11
4476,Denver,rider_059,12.72,2.01,15,2024-04-19
4477,Seattle,rider_008,9.13,1.71,11,2024-01-16
4478,Houston,rider_027,25.92,3.46,26,2024-04-08
4479,Seattle,rider_023,10.68,1.34,14,2024-04-14
4480,Dallas,rider_049,16.0,4.57,26,2024-03-01
4481,Portland,rider_032,23.24,5.67,12,2024-04-04
4482,Dallas,rider_011,14.83,1.6,13,2024-03-17
4483,Dallas,rider_024,11.21,1.34,29,2024-02-26
4484,Seattle,rider_022,10.8,2.43,15,2024-01-06
4485,Portland,rider_057,3.79,0.25,3,2024-03-02
4486,Austin,rider_008,25.81,0.04,9,2024-03-19
4487,Portland,rider_030,14.72,,21,2024-03-11
4488,Austin,rider_018,5.18,1.16,3,2024-03-12
4489,Houston,rider_029,9.44,0.21,8,2024-02-10
4490,Houston,rider_054,10.79,2.68,3,2024-02-02
4491,Seattle,rider_035,20.3,3.74,14,2024-03-20
4492,Denver,rider_031,8.18,1.18,15,2024-02-27
4493,Denver,rider_014,12.37,0.62,26,2024-01-31
4494,Austin,rider_015,16.03,1.7,19,2024-04-04
4495,Houston,rider_014,7.82,0.92,9,2024-02-19
4496,Seattle,rider_027,7.03,,7,2024-04-26
4497,Denver,rider_007,6.57,1.6,29,2024-01-24
4498,Houston,rider_055,34.77,1.6,20,2024-03-14
4499,Houston,rider_029,11.51,1.12,17,2024-01-19
4500,Portland,rider_039,8.02,1.95,24,2024-02-18
4501,Seattle,rider_046,6.16,0.61,29,2024-02-21
4502,Dallas,rider_011,4.51,0.9,3,2024-04-21
4503,Portland,rider_009,12.74,1.72,18,2024-02-28
4504,Austin,rider_016,24.69,2.56,18,2024-03-21
4505,Denver,rider_048,10.76,1.29,14,2024-02-20
4506,Dallas,rider_052,10.81,3.06,27,2024-04-24
4507,Denver,rider_045,9.38,2.05,3,2024-02-26
4508,Houston,rider_028,17.36,3.43,31,2024-01-22
4509,Portland,rider_027,18.41,,24,2024-02-20
4510,Austin,rider_000,13.41,1.39,15,2024-04-20
4511,Austin,rider_043,5.6,0.73,21,2024-04-20
4512,Dallas,rider_035,9.49,1.85,36,2024-03-13
4513,Dallas,rider_054,20.29,3.52,43,2024-01-28
4514,Austin,rider_011,13.21,2.44,16,2024-01-08
4515,Houston,rider_043,13.7,0.96,28,2024-01-13
4516,Houston,rider_019,19.51,0.03,27,2024-03-05
4517,Austin,rider_019,23.95,5.71,15,2024-02-27
4518,Houston,rider_005,16.93,3.87,6,2024-02-05
4519,Dallas,rider_041,13.21,,22,2024-03-10
4520,Seattle,rider_018,7.48,0.86,13,2024-02-01
4521,Austin,rider_045,17.04,2.26,32,2024-02-26
4522,Houston,rider_048,9.2,1.48,23,2024-04-02
4523,Portland,rider_002,17.24,,15,2024-03-06
4524,Denver,rider_008,25.42,0.63,3,2024-02-22
4525,Houston,rider_013,8.84,1.5,32,2024-04-29
4526,Seattle,rider_039,28.09,5.85,11,2024-01-25
4527,Portland,rider_000,13.21,3.42,12,2024-04-09
4528,Dallas,rider_048,29.57,6.76,26,2024-04-15
4529,Houston,rider_004,29.44,,26,2024-04-29
4530,Denver,rider_054,14.49,2.46,21,2024-02-04
4531,Houston,rider_034,12.28,1.99,20,2024-03-06
4532,Houston,rider_036,20.67,4.44,8,2024-02-03
4533,Seattle,rider_034,12.82,0.24,9,2024-01-31
4534,Austin,rider_025,13.78,1.25,15,2024-03-24
4535,Seattle,rider_001,18.69,5.1,4,2024-03-04
4536,Seattle,rider_000,41.23,12.29,13,2024-02-11
4537,Houston,rider_040,11.15,0.92,8,2024-01-17
4538,Seattle,rider_032,12.65,0.46,24,2024-03-21
4539,Dallas,rider_022,24.86,,18,2024-04-02
4540,Dallas,rider_015,14.74,,7,2024-03-28
4541,Houston,rider_050,16.72,3.37,25,2024-02-16
4542,Seattle,rider_033,22.05,1.89,13,2024-01-12
4543,Portland,rider_026,20.35,1.56,8,2024-01-05
4544,Portland,rider_054,25.48,4.15,22,2024-04-08
4545,Denver,rider_008,11.54,2.07,13,2024-03-16
4546,Seattle,rider_012,8.99,1.4,3,2024-04-16
4547,Denver,rider_055,30.83,1.63,9,2024-02-15
4548,Seattle,rider_032,20.81,3.71,18,2024-01-23
4549,Portland,rider_058,31.54,5.45,18,2024-01-19
4550,Portland,rider_046,14.6,0.27,11,2024-02-17
4551,Houston,rider_042,10.28,2.27,29,2024-03-02
4552,Houston,rider_006,15.47,2.71,16,2024-01-24
4553,Austin,rider_023,9.5,1.61,11,2024-01-22
4554,Austin,rider_026,12.68,3.68,20,2024-04-24
4555,Seattle,rider_028,19.96,4.02,26,2024-03-06
4556,Dallas,rider_040,17.95,2.26,7,2024-02-28
4557,Seattle,rider_016,37.26,3.31,26,2024-02-12
4558,Seattle,rider_053,13.51,2.73,24,2024-03-19
4559,Dallas,rider_008,16.14,0.88,24,2024-04-22
4560,Portland,rider_029,29.95,5.88,15,2024-03-08
4561,Denver,rider_040,7.38,0.49,25,2024-03-29
4562,Portland,rider_017,4.47,0.57,24,2024-02-11
4563,Seattle,rider_023,18.72,2.11,21,2024-04-06
4564,Austin,rider_034,24.55,1.81,6,2024-03-29
4565,Dallas,rider_012,30.47,6.98,3,2024-03-06
4566,Houston,rider_009,13.98,0.18,19,2024-01-02
4567,Austin,rider_022,18.82,2.65,6,2024-03-04
4568,Austin,rider_031,14.96,2.18,21,2024-02-10
4569,Austin,rider_029,5.37,0.76,20,2024-03-03
4570,Denver,rider_006,12.42,0.17,25,2024-01-15
4571,Dallas,rider_037,13.74,2.75,14,2024-03-20
4572,Dallas,rider_002,7.49,0.64,27,2024-04-22
4573,Dallas,rider_029,20.67,2.86,30,2024-02-17
4574,Portland,rider_037,17.44,3.93,8,2024-01-18
4575,Dallas,rider_040,7.0,1.77,29,2024-01-23
4576,Denver,rider_038,61.62,4.43,31,2024-01-08
4577,Portland,rider_056,10.14,,21,2024-01-10
4578,Austin,rider_008,11.54,0.13,10,2024-03-15
4579,Houston,rider_024,9.71,1.5,8,2024-03-02
4580,Houston,rider_003,24.23,4.17,5,2024-02-04
4581,Denver,rider_049,9.96,1.72,33,2024-04-13
4582,Portland,rider_037,10.9,1.15,24,2024-01-23
4583,Austin,rider_057,19.93,3.66,11,2024-04-09
4584,Seattle,rider_046,18.61,2.08,4,2024-03-05
4585,Portland,rider_034,18.17,2.14,10,2024-02-14
4586,Denver,rider_017,19.62,3.97,12,2024-01-16
4587,Dallas,rider_049,7.82,1.16,19,2024-04-18
4588,Houston,rider_021,13.8,1.54,22,2024-02-08
4589,Austin,rider_042,9.38,1.93,9,2024-03-18
4590,Denver,rider_017,12.79,3.78,21,2024-04-23
4591,Denver,rider_029,5.28,1.45,7,2024-02-08
4592,Portland,rider_028,7.87,1.02,20,2024-04-01
4593,Portland,rider_023,26.37,7.51,33,2024-03-03
4594,Seattle,rider_040,12.53,0.94,30,2024-03-03
4595,Houston,rider_056,14.76,,10,2024-03-04
4596,Austin,rider_054,14.1,0.15,22,2024-01-11
4597,Dallas,rider_041,22.41,5.68,24,2024-03-30
4598,Portland,rider_040,9.73,1.88,19,2024-04-15
4599,Portland,rider_048,16.61,1.15,23,2024-01-07
4600,Dallas,rider_034,13.32,0.79,14,2024-01-06
4601,Dallas,rider_024,31.92,8.17,22,2024-01-20
4602,Dallas,rider_001,24.88,5.13,15,2024-02-13
4603,Portland,rider_014,9.59,0.27,13,2024-01-25
4604,Austin,rider_019,23.51,1.29,6,2024-03-17
4605,Seattle,rider_018,7.81,1.45,21,2024-04-30
4606,Austin,rider_037,14.96,0.17,22,2024-04-16
4607,Austin,rider_002,8.58,1.81,10,2024-01-29
4608,Dallas,rider_019,27.47,4.66,14,2024-01-18
4609,Dallas,rider_026,10.85,2.69,11,2024-01-26
4610,Houston,rider_005,42.16,2.89,18,2024-03-13
4611,Seattle,rider_016,7.84,1.99,22,2024-01-09
4612,Austin,rider_052,33.2,3.93,14,2024-01-18
4613,Houston,rider_002,8.03,1.54,23,2024-04-16
4614,Austin,rider_041,30.94,8.38,29,2024-04-14
4615,Austin,rider_042,12.56,1.09,3,2024-01-30
4616,Portland,rider_050,13.26,3.06,6,2024-02-17
4617,Houston,rider_001,35.07,6.89,25,2024-01-01
4618,Seattle,rider_027,11.54,1.69,18,2024-01-05
4619,Houston,rider_020,16.5,0.31,27,2024-01-15
4620,Dallas,rider_057,20.92,0.18,30,2024-02-18
4621,Portland,rider_007,15.1,0.73,10,2024-04-17
4622,Austin,rider_040,13.16,2.93,12,2024-02-13
4623,Dallas,rider_003,9.92,2.65,7,2024-02-12
4624,Denver,rider_007,20.55,0.74,31,2024-01-20
4625,Seattle,rider_033,28.54,0.64,3,2024-04-15
4626,Portland,rider_043,9.0,1.94,21,2024-02-23
4627,Dallas,rider_019,11.29,2.95,13,2024-01-04
4628,Austin,rider_003,18.21,4.45,13,2024-02-19
4629,Portland,rider_049,14.84,2.27,20,2024-02-18
4630,Denver,rider_051,13.79,0.24,20,2024-02-17
4631,Austin,rider_008,17.84,3.04,23,2024-04-26
4632,Denver,rider_000,10.95,2.04,13,2024-03-19
4633,Denver,rider_054,30.55,2.35,27,2024-01-16
4634,Denver,rider_037,30.26,3.53,11,2024-02-18
4635,Houston,rider_038,10.56,2.83,22,2024-04-26
4636,Portland,rider_019,11.18,3.19,32,2024-03-22
4637,Dallas,rider_019,9.06,1.78,22,2024-04-29
4638,Dallas,rider_016,11.36,,17,2024-04-22
4639,Denver,rider_032,17.04,2.04,13,2024-04-29
4640,Seattle,rider_021,7.24,1.85,21,2024-01-29
4641,Portland,rider_038,12.27,2.6,3,2024-03-01
4642,Austin,rider_042,15.13,3.41,26,2024-01-19
4643,Austin,rider_044,25.53,5.4,30,2024-03-02
4644,Denver,rider_027,6.06,1.78,16,2024-03-24
4645,Austin,rider_050,9.01,2.4,8,2024-03-28
4646,Houston,rider_032,8.55,1.26,7,2024-03-04
4647,Houston,rider_053,55.78,9.61,25,2024-02-05
4648,Seattle,rider_021,10.87,0.03,21,2024-01-26
4649,Dallas,rider_007,11.45,,24,2024-03-09
4650,Houston,rider_048,16.72,,4,2024-02-26
4651,Denver,rider_059,19.34,5.29,20,2024-02-06
4652,Seattle,rider_024,24.98,2.26,15,2024-02-25
4653,Denver,rider_042,21.1,,14,2024-03-26
4654,Seattle,rider_011,5.89,1.42,5,2024-04-15
4655,Houston,rider_045,16.54,1.06,19,2024-01-19
4656,Denver,rider_056,12.8,2.26,19,2024-03-09
4657,Seattle,rider_033,28.06,1.31,10,2024-01-27
4658,Denver,rider_013,7.33,0.19,9,2024-01-04
4659,Seattle,rider_048,19.05,,25,2024-02-18
4660,Seattle,rider_030,6.53,1.89,22,2024-02-21
4661,Portland,rider_009,13.21,1.47,27,2024-03-15
4662,Seattle,rider_011,6.58,0.11,26,2024-01-28
4663,Houston,rider_040,5.81,,19,2024-02-03
4664,Houston,rider_028,42.3,0.79,16,2024-04-04
4665,Portland,rider_043,26.47,5.66,13,2024-04-10
4666,Dallas,rider_026,22.27,4.35,14,2024-01-11
4667,Portland,rider_010,11.66,2.45,12,2024-04-30
4668,Seattle,rider_047,40.8,0.69,29,2024-04-11
4669,Austin,rider_030,20.89,3.42,21,2024-01-22
4670,Houston,rider_022,19.63,2.37,30,2024-02-03
4671,Dallas,rider_001,18.6,5.51,15,2024-01-20
4672,Seattle,rider_018,18.15,0.24,6,2024-02-23
4673,Portland,rider_003,13.48,0.82,10,2024-03-19
4674,Dallas,rider_024,11.07,1.39,19,2024-04-10
4675,Portland,rider_045,12.56,0.16,17,2024-03-29
4676,Denver,rider_055,8.86,0.95,13,2024-03-16
4677,Seattle,rider_024,12.84,3.72,10,2024-03-18
4678,Dallas,rider_058,11.3,,33,2024-01-21
4679,Austin,rider_007,14.68,0.15,24,2024-04-26
4680,Seattle,rider_031,12.14,2.39,18,2024-04-21
4681,Austin,rider_039,18.57,2.78,3,2024-01-23
4682,Seattle,rider_031,14.53,2.65,16,2024-03-30
4683,Denver,rider_026,10.15,0.83,24,2024-04-07
4684,Houston,rider_057,12.47,0.92,7,2024-03-12
4685,Austin,rider_009,19.58,3.63,20,2024-04-25
4686,Seattle,rider_051,23.39,3.03,28,2024-04-06
4687,Portland,rider_033,13.46,,13,2024-04-13
4688,Portland,rider_050,11.3,0.69,17,2024-02-26
4689,Portland,rider_025,8.26,1.78,9,2024-03-08
4690,Seattle,rider_014,19.05,4.12,14,2024-01-21
4691,Houston,rider_026,26.43,5.05,15,2024-02-15
4692,Denver,rider_047,18.92,0.4,15,2024-03-24
4693,Seattle,rider_048,16.78,0.22,11,2024-02-21
4694,Austin,rider_012,13.69,3.36,6,2024-02-27
4695,Dallas,rider_014,21.16,3.11,15,2024-01-03
4696,Austin,rider_052,9.19,0.53,3,2024-02-11
4697,Dallas,rider_004,7.61,,12,2024-03-01
4698,Denver,rider_014,25.29,3.42,44,2024-03-04
4699,Dallas,rider_028,12.49,1.41,19,2024-03-17
4700,Seattle,rider_025,4.49,,17,2024-01-17
4701,Portland,rider_041,21.07,6.13,28,2024-02-27
4702,Denver,rider_055,24.31,2.34,27,2024-01-21
4703,Portland,rider_014,16.41,3.02,32,2024-04-21
4704,Austin,rider_028,9.62,1.5,20,2024-02-05
4705,Denver,rider_046,17.38,5.01,17,2024-01-26
4706,Portland,rider_058,12.27,2.5,11,2024-03-21
4707,Seattle,rider_002,7.79,0.43,30,2024-01-16
4708,Denver,rider_029,31.47,0.21,10,2024-02-13
4709,Denver,rider_010,38.31,4.99,20,2024-03-06
4710,Houston,rider_005,6.22,1.7,3,2024-02-29
4711,Seattle,rider_010,17.8,0.9,27,2024-02-22
4712,Dallas,rider_019,11.81,2.45,19,2024-01-22
4713,Houston,rider_058,10.72,0.98,13,2024-02-26
4714,Denver,rider_025,14.38,1.03,20,2024-04-05
4715,Dallas,rider_053,6.8,1.21,20,2024-03-12
4716,Dallas,rider_025,23.5,6.85,39,2024-02-20
4717,Portland,rider_054,44.4,5.18,22,2024-03-30
4718,Houston,rider_058,17.4,1.52,27,2024-01-09
4719,Dallas,rider_008,15.96,1.58,27,2024-02-16
4720,Austin,rider_011,8.98,1.53,7,2024-04-11
4721,Denver,rider_037,12.41,3.48,11,2024-02-11
4722,Houston,rider_001,13.38,3.32,14,2024-01-30
4723,Seattle,rider_032,14.21,4.01,31,2024-03-20
4724,Houston,rider_030,30.52,0.24,27,2024-04-29
4725,Houston,rider_038,6.05,1.06,14,2024-04-18
4726,Dallas,rider_013,11.04,1.89,3,2024-03-11
4727,Houston,rider_028,18.2,1.11,17,2024-02-14
4728,Seattle,rider_003,8.84,,16,2024-01-23
4729,Portland,rider_014,11.46,1.17,17,2024-01-08
4730,Dallas,rider_057,16.48,0.75,21,2024-02-24
4731,Portland,rider_015,11.47,1.19,17,2024-01-02
4732,Portland,rider_034,9.0,0.97,31,2024-03-10
4733,Austin,rider_025,5.65,0.61,27,2024-03-31
4734,Houston,rider_009,7.55,0.65,15,2024-03-08
4735,Houston,rider_059,7.63,1.81,3,2024-02-19
4736,Denver,rider_043,16.04,4.67,20,2024-02-26
4737,Austin,rider_055,14.89,1.81,39,2024-01-17
4738,Austin,rider_019,8.18,0.21,36,2024-04-14
4739,Portland,rider_023,8.61,1.38,4,2024-02-27
4740,Seattle,rider_021,21.62,1.57,7,2024-04-30
4741,Austin,rider_007,6.17,1.67,16,2024-04-09
4742,Denver,rider_040,16.31,2.11,3,2024-03-19
4743,Portland,rider_055,12.33,2.61,23,2024-01-08
4744,Denver,rider_035,16.77,0.74,26,2024-02-17
4745,Houston,rider_014,14.92,2.29,23,2024-02-04
4746,Dallas,rider_046,8.83,0.09,9,2024-03-09
4747,Seattle,rider_024,12.26,2.99,16,2024-01-02
4748,Portland,rider_020,21.33,3.7,3,2024-03-10
4749,Portland,rider_003,8.1,1.76,11,2024-04-10
4750,Seattle,rider_053,14.37,2.94,14,2024-04-03
4751,Seattle,rider_054,8.83,0.51,30,2024-01-27
4752,Seattle,rider_035,4.69,1.24,12,2024-01-27
4753,Portland,rider_056,15.45,0.85,13,2024-01-19
4754,Dallas,rider_006,17.45,0.33,7,2024-04-01
4755,Houston,rider_045,22.25,4.77,18,2024-02-15
4756,Portland,rider_016,15.82,1.06,13,2024-03-19
4757,Seattle,rider_036,14.61,2.98,26,2024-04-07
4758,Portland,rider_039,11.5,1.93,32,2024-03-01
4759,Houston,rider_002,24.15,6.93,22,2024-03-12
4760,Houston,rider_023,21.01,1.46,13,2024-02-02
4761,Austin,rider_026,14.34,0.9,12,2024-04-12
4762,Portland,rider_006,8.93,1.49,16,2024-02-05
4763,Austin,rider_031,22.13,2.18,13,2024-01-17
4764,Denver,rider_029,13.96,2.57,3,2024-02-25
4765,Dallas,rider_020,12.57,0.6,15,2024-01-16
4766,Dallas,rider_056,38.99,0.94,11,2024-02-03
4767,Seattle,rider_034,27.08,5.95,7,2024-02-01
4768,Austin,rider_049,25.97,5.38,13,2024-04-29
4769,Seattle,rider_015,7.58,0.67,10,2024-01-20
4770,Seattle,rider_023,8.75,1.34,18,2024-03-07
4771,Portland,rider_018,24.36,6.22,30,2024-01-25
4772,Seattle,rider_044,17.74,0.13,20,2024-01-28
4773,Seattle,rider_011,32.56,4.05,19,2024-04-04
4774,Portland,rider_057,23.16,4.22,18,2024-04-28
4775,Houston,rider_048,16.44,1.87,21,2024-02-22
4776,Houston,rider_014,19.49,,21,2024-04-01
4777,Portland,rider_046,18.36,0.3,9,2024-01-28
4778,Denver,rider_020,20.28,1.97,3,2024-02-24
4779,Portland,rider_008,14.76,3.13,17,2024-03-12
4780,Houston,rider_050,12.46,3.7,23,2024-03-17
4781,Seattle,rider_027,9.2,2.59,32,2024-04-11
4782,Houston,rider_044,17.98,,18,2024-03-21
4783,Houston,rider_034,16.53,2.79,12,2024-04-03
4784,Dallas,rider_008,13.43,2.22,4,2024-04-15
4785,Portland,rider_010,8.23,1.85,15,2024-02-11
4786,Seattle,rider_028,8.84,0.22,5,2024-04-18
4787,Dallas,rider_031,8.75,1.59,22,2024-02-10
4788,Denver,rider_007,10.22,0.71,26,2024-03-24
4789,Seattle,rider_037,4.75,0.83,10,2024-02-24
4790,Dallas,rider_011,24.37,6.58,10,2024-02-26
4791,Seattle,rider_024,31.41,,7,2024-03-19
4792,Houston,rider_038,9.76,2.76,10,2024-01-14
4793,Houston,rider_005,13.89,0.14,3,2024-02-25
4794,Houston,rider_057,7.99,1.24,14,2024-01-07
4795,Houston,rider_036,14.79,2.13,9,2024-03-19
4796,Denver,rider_041,12.67,0.71,21,2024-01-01
4797,Seattle,rider_023,29.82,2.07,15,2024-02-10
4798,Austin,rider_037,11.16,1.85,23,2024-04-20
4799,Austin,rider_033,2.51,0.16,4,2024-02-07
4800,Dallas,rider_011,60.29,,10,2024-01-17
4801,Denver,rider_036,16.82,3.42,11,2024-04-18
4802,Portland,rider_046,27.21,4.62,39,2024-03-11
4803,Houston,rider_013,37.08,0.46,18,2024-01-18
4804,Dallas,rider_003,8.64,1.63,16,2024-04-12
4805,Dallas,rider_017,15.22,0.86,29,2024-03-25
4806,Dallas,rider_046,5.79,1.16,29,2024-02-15
4807,Portland,rider_029,16.16,0.76,14,2024-01-22
4808,Austin,rider_046,14.58,3.28,12,2024-02-27
4809,Seattle,rider_009,23.94,3.81,3,2024-04-21
4810,Seattle,rider_005,10.35,,19,2024-02-21
4811,Portland,rider_049,11.25,0.59,8,2024-02-02
4812,Seattle,rider_033,8.8,2.0,9,2024-02-20
4813,Houston,rider_031,19.42,2.03,13,2024-02-14
4814,Dallas,rider_022,11.25,1.6,30,2024-04-19
4815,Portland,rider_034,11.63,,10,2024-03-15
4816,Portland,rider_001,11.52,2.9,30,2024-03-05
4817,Austin,rider_041,8.93,0.89,18,2024-04-05
4818,Denver,rider_055,6.8,1.19,17,2024-04-10
4819,Houston,rider_053,17.19,2.83,7,2024-01-20
4820,Seattle,rider_030,15.52,3.57,10,2024-01-08
4821,Austin,rider_036,28.37,,14,2024-03-24
4822,Dallas,rider_056,12.44,1.4,44,2024-03-07
4823,Denver,rider_014,6.46,0.48,7,2024-01-05
4824,Austin,rider_000,10.19,0.58,35,2024-01-11
4825,Dallas,rider_035,22.95,1.17,34,2024-03-28
4826,Denver,rider_001,6.84,0.89,28,2024-03-19
4827,Seattle,rider_037,8.68,1.91,3,2024-03-29
4828,Portland,rider_019,13.2,3.23,33,2024-01-30
4829,Portland,rider_008,19.69,2.83,16,2024-02-12
4830,Dallas,rider_007,19.59,4.22,14,2024-01-25
4831,Portland,rider_045,15.05,,19,2024-04-19
4832,Seattle,rider_029,19.51,0.77,24,2024-04-27
4833,Houston,rider_047,18.27,0.8,13,2024-02-17
4834,Dallas,rider_035,23.05,2.52,13,2024-04-13
4835,Dallas,rider_019,23.26,2.96,22,2024-04-14
4836,Houston,rider_036,37.39,4.59,13,2024-01-08
4837,Dallas,rider_004,5.71,1.48,16,2024-03-18
4838,Dallas,rider_027,6.65,1.73,14,2024-01-08
4839,Austin,rider_013,6.72,0.47,3,2024-01-26
4840,Portland,rider_046,16.18,1.17,3,2024-01-12
4841,Seattle,rider_021,10.38,1.11,28,2024-02-28
4842,Austin,rider_058,12.24,0.59,29,2024-02-04
4843,Austin,rider_054,17.25,1.32,31,2024-04-29
4844,Houston,rider_033,18.14,2.74,20,2024-01-28
4845,Portland,rider_004,11.88,0.65,19,2024-01-26
4846,Portland,rider_026,7.63,0.24,5,2024-02-11
4847,Dallas,rider_032,9.58,0.07,3,2024-02-29
4848,Houston,rider_001,17.24,1.46,11,2024-03-01
4849,Portland,rider_041,13.09,0.77,30,2024-03-20
4850,Seattle,rider_023,5.53,0.26,3,2024-03-11
4851,Portland,rider_004,19.01,1.56,26,2024-03-23
4852,Austin,rider_038,27.21,7.35,23,2024-04-22
4853,Denver,rider_028,12.69,1.11,13,2024-01-16
4854,Dallas,rider_040,20.4,3.64,17,2024-02-09
4855,Austin,rider_000,51.86,7.6,20,2024-02-24
4856,Seattle,rider_058,9.51,2.55,17,2024-02-20
4857,Portland,rider_058,9.38,2.59,31,2024-02-27
4858,Portland,rider_013,10.72,1.45,4,2024-04-29
4859,Portland,rider_047,19.25,3.69,18,2024-02-05
4860,Dallas,rider_043,5.35,,16,2024-03-15
4861,Denver,rider_049,14.45,1.0,10,2024-04-10
4862,Houston,rider_017,19.73,3.26,22,2024-03-13
4863,Dallas,rider_042,41.43,10.38,7,2024-01-16
4864,Seattle,rider_027,15.84,3.07,19,2024-02-23
4865,Houston,rider_032,16.11,0.87,16,2024-04-08
4866,Houston,rider_027,12.81,3.29,16,2024-03-13
4867,Austin,rider_038,12.27,0.75,26,2024-04-17
4868,Dallas,rider_039,10.67,1.47,27,2024-01-19
4869,Seattle,rider_015,16.49,0.33,9,2024-03-08
4870,Portland,rider_005,10.42,2.85,27,2024-02-15
4871,Dallas,rider_026,22.11,5.42,30,2024-04-19
4872,Dallas,rider_047,10.21,1.74,34,2024-04-03
4873,Denver,rider_045,6.34,1.67,16,2024-04-25
4874,Dallas,rider_017,13.98,1.26,34,2024-01-15
4875,Seattle,rider_059,12.53,2.51,6,2024-04-12
4876,Seattle,rider_025,17.57,0.22,13,2024-04-10
4877,Houston,rider_020,15.17,1.42,16,2024-03-21
4878,Dallas,rider_024,9.36,1.14,17,2024-04-23
4879,Denver,rider_018,8.03,0.55,24,2024-02-11
4880,Houston,rider_033,35.37,6.64,16,2024-03-20
4881,Portland,rider_057,19.94,1.44,31,2024-02-28
4882,Denver,rider_023,4.79,0.07,3,2024-03-17
4883,Seattle,rider_030,33.26,1.37,14,2024-01-04
4884,Seattle,rider_027,12.3,2.32,3,2024-01-06
4885,Dallas,rider_042,11.64,0.53,27,2024-02-03
4886,Austin,rider_003,19.6,,13,2024-04-24
4887,Austin,rider_009,7.66,1.48,16,2024-04-25
4888,Austin,rider_013,27.84,7.74,17,2024-01-26
4889,Houston,rider_008,12.74,2.31,28,2024-01-10
4890,Denver,rider_039,5.6,1.58,9,2024-02-03
4891,Seattle,rider_049,12.28,1.8,14,2024-03-03
4892,Austin,rider_018,25.15,3.86,18,2024-01-27
4893,Austin,rider_003,59.32,10.38,21,2024-04-19
4894,Dallas,rider_036,8.41,1.62,39,2024-01-19
4895,Houston,rider_040,93.42,1.73,11,2024-04-21
4896,Houston,rider_012,7.79,1.11,10,2024-01-04
4897,Dallas,rider_053,17.62,3.72,8,2024-04-29
4898,Seattle,rider_059,8.44,2.01,29,2024-04-04
4899,Denver,rider_006,8.79,2.34,14,2024-02-12
4900,Seattle,rider_032,9.88,2.62,26,2024-01-03
4901,Seattle,rider_035,7.89,2.29,14,2024-02-02
4902,Austin,rider_042,7.96,0.7,20,2024-01-17
4903,Houston,rider_018,17.25,1.43,10,2024-04-29
4904,Dallas,rider_038,10.13,2.91,27,2024-02-02
4905,Denver,rider_016,8.38,,25,2024-02-03
4906,Portland,rider_002,24.66,5.55,15,2024-01-02
4907,Houston,rider_040,6.12,1.37,26,2024-03-13
4908,Austin,rider_007,11.81,2.28,26,2024-01-10
4909,Houston,rider_034,11.01,0.34,26,2024-03-04
4910,Denver,rider_013,15.5,0.32,12,2024-01-14
4911,Houston,rider_020,15.01,3.85,7,2024-04-05
4912,Seattle,rider_010,9.56,2.68,19,2024-03-07
4913,Denver,rider_046,6.28,1.75,3,2024-03-18
4914,Portland,rider_005,12.19,0.89,13,2024-02-17
4915,Denver,rider_017,22.55,3.27,14,2024-01-26
4916,Dallas,rider_028,23.51,5.48,23,2024-03-24
4917,Austin,rider_053,8.78,0.23,27,2024-04-02
4918,Austin,rider_053,13.08,0.63,22,2024-03-15
4919,Seattle,rider_042,11.69,0.12,19,2024-04-20
4920,Portland,rider_013,12.95,,33,2024-03-30
4921,Houston,rider_003,2.64,0.43,28,2024-01-28
4922,Dallas,rider_024,17.64,0.33,3,2024-02-11
4923,Portland,rider_013,9.98,0.72,19,2024-03-28
4924,Seattle,rider_021,6.69,0.33,28,2024-01-26
4925,Dallas,rider_029,8.55,0.09,32,2024-03-03
4926,Dallas,rider_026,15.66,,31,2024-02-05
4927,Seattle,rider_010,8.39,0.97,13,2024-01-24
4928,Denver,rider_020,19.0,3.29,19,2024-02-19
4929,Austin,rider_025,12.8,0.77,24,2024-03-10
4930,Austin,rider_028,32.11,0.69,8,2024-01-06
4931,Austin,rider_037,16.95,4.57,29,2024-04-02
4932,Portland,rider_040,9.44,,28,2024-01-21
4933,Houston,rider_008,5.74,1.53,17,2024-01-16
4934,Houston,rider_024,7.27,0.97,15,2024-03-05
4935,Seattle,rider_010,20.0,0.26,25,2024-04-08
4936,Denver,rider_049,8.56,1.69,29,2024-03-08
4937,Austin,rider_034,9.5,0.88,8,2024-04-18
4938,Houston,rider_020,29.9,3.09,23,2024-03-12
4939,Seattle,rider_037,12.43,0.08,30,2024-03-25
4940,Portland,rider_019,10.33,2.37,19,2024-02-16
4941,Denver,rider_054,7.87,1.71,14,2024-02-12
4942,Denver,rider_002,13.93,1.28,25,2024-02-21
4943,Houston,rider_054,11.5,1.34,15,2024-04-25
4944,Portland,rider_027,4.6,0.56,11,2024-02-07
4945,Dallas,rider_047,26.14,2.0,20,2024-03-25
4946,Houston,rider_020,20.46,3.42,15,2024-01-10
4947,Austin,rider_043,8.66,2.18,28,2024-03-03
4948,Denver,rider_000,16.57,4.82,31,2024-02-26
4949,Seattle,rider_051,6.8,1.34,26,2024-04-06
4950,Houston,rider_041,18.81,0.5,16,2024-03-15
4951,Portland,rider_055,19.76,4.85,26,2024-03-22
4952,Denver,rider_057,19.04,5.48,18,2024-02-17
4953,Austin,rider_056,12.43,2.4,29,2024-04-19
4954,Denver,rider_015,10.42,0.18,18,2024-01-05
4955,Denver,rider_049,10.13,2.6,16,2024-01-14
4956,Portland,rider_010,9.11,,16,2024-01-07
4957,Houston,rider_026,7.39,0.21,15,2024-03-07
4958,Denver,rider_034,21.27,0.23,5,2024-02-16
4959,Dallas,rider_056,20.62,5.23,34,2024-04-13
4960,Portland,rider_027,18.4,3.14,30,2024-03-01
4961,Houston,rider_045,12.54,3.1,18,2024-01-18
4962,Houston,rider_006,8.8,0.95,25,2024-04-16
4963,Seattle,rider_017,13.81,3.78,7,2024-02-15
4964,Denver,rider_018,9.02,2.11,38,2024-01-19
4965,Seattle,rider_045,21.66,4.3,27,2024-03-01
4966,Seattle,rider_044,6.35,1.29,19,2024-04-11
4967,Houston,rider_008,16.94,1.95,14,2024-04-18
4968,Seattle,rider_020,12.17,,24,2024-01-22
4969,Houston,rider_022,21.34,4.64,10,2024-04-17
4970,Houston,rider_021,19.81,4.93,31,2024-04-14
4971,Austin,rider_003,5.49,,22,2024-04-08
4972,Denver,rider_001,19.69,0.5,16,2024-01-04
4973,Dallas,rider_037,30.1,1.75,15,2024-01-20
4974,Dallas,rider_033,13.07,3.84,27,2024-03-03
4975,Seattle,rider_050,14.72,3.86,9,2024-04-14
4976,Portland,rider_054,8.93,1.89,9,2024-01-19
4977,Denver,rider_031,20.79,5.56,15,2024-03-19
4978,Denver,rider_038,24.84,5.74,27,2024-01-03
4979,Dallas,rider_024,8.78,2.19,16,2024-01-04
4980,Austin,rider_014,11.09,0.73,23,2024-03-05
4981,Portland,rider_037,10.46,1.8,19,2024-01-03
4982,Portland,rider_014,14.8,1.8,7,2024-03-25
4983,Dallas,rider_044,9.82,0.6,4,2024-01-14
4984,Seattle,rider_032,14.33,4.25,24,2024-02-13
4985,Seattle,rider_009,7.53,2.0,29,2024-03-11
4986,Houston,rider_050,8.27,1.58,26,2024-01-31
4987,Denver,rider_032,8.42,0.43,21,2024-02-27
4988,Denver,rider_005,5.95,1.51,28,2024-03-09
4989,Houston,rider_045,20.66,3.12,12,2024-04-12
4990,Dallas,rider_010,6.62,0.77,11,2024-03-03
4991,Seattle,rider_018,12.97,2.1,7,2024-01-28
4992,Seattle,rider_030,7.07,1.23,38,2024-02-27
4993,Denver,rider_054,9.53,,11,2024-02-27
4994,Denver,rider_020,9.86,0.57,14,2024-04-10
4995,Houston,rider_053,10.62,2.44,24,2024-03-02
4996,Denver,rider_033,10.5,0.08,3,2024-01-19
4997,Seattle,rider_021,30.67,8.34,14,2024-03-19
4998,Portland,rider_041,13.16,3.69,11,2024-01-09
4999,Denver,rider_043,8.71,1.67,26,2024-03-26
5000,Seattle,rider_028,13.31,1.66,26,2024-04-15
